id_customer,first_name,last_name,model,brand,year,CPF,gender,license_plate,priority,affected_system
1,Rebekah,M'cowis,Supra,Toyota,1993,7498941163,Female,1GYS4HEF2BR439590,false,bodywork
2,Arch,DelaField,Blazer,Chevrolet,1997,6549132320,Male,2G4GP5EC9B9008841,true,motor
3,Byron,Brewett,Eclipse,Mitsubishi,2005,5594162763,Male,3GYFK66N66G074676,true,motor
4,Adah,Anten,3500,Chevrolet,1993,0048522783,Female,WAUDH78E06A485789,false,bodywork
5,Jere,Jiruca,Classic,Chevrolet,2004,7593618862,Male,5NPDH4AE0CH747259,false,steering
6,Eryn,Winspare,Grand Cherokee,Jeep,2006,4643824700,Female,WBA1F9C53FV467078,true,steering
7,Shelagh,Ludmann,Mystique,Mercury,2000,3349950035,Female,JH4CU2F63CC473241,true,motor
8,Bennett,Ferfulle,Bronco,Ford,1990,6100528991,Male,WBAFU9C57CD967998,true,bodywork
9,Frank,Laval,Continental Flying Spur,Bentley,2006,0854572783,Female,WBAYB6C59DC667254,true,steering
10,Kimble,Hold,Dakota,Dodge,2011,8077273807,Male,WAUEL74F85N828356,false,motor
11,Buiron,Gunning,A4,Audi,2010,6067757907,Male,JTEBU4BF2AK716602,true,bodywork
12,Ingunna,Erswell,Focus,Ford,2013,4524137580,Female,3GYFNAE38CS288913,false,steering
13,Dulcine,McPaik,4Runner,Toyota,2008,1949157237,Female,WDDHH8JB1FB766171,true,bodywork
14,Guy,Grinsted,Skylark,Buick,1985,1268745391,Male,2T1BU4EE3CC192016,true,motor
15,Gaylord,Bounde,500SEL,Mercedes-Benz,1992,1025251849,Male,JM1GJ1U58F1083770,false,steering
16,Jessi,Reilingen,Cavalier,Chevrolet,2004,7777484125,Female,3GYFNJE43AS037240,false,steering
17,Clary,Bruins,928,Porsche,1990,9113555960,Female,1FMNE1BW9AD150495,true,steering
18,Charlotta,Walkinshaw,7 Series,BMW,2008,0760791368,Female,WAULL44E06N299158,false,steering
19,Kerrin,Dibsdale,Pathfinder,Nissan,2004,0763637114,Female,JA32X8HW7EU880236,true,bodywork
20,Perice,Moodie,Silverado,Chevrolet,2007,8148422117,Male,WBAYM1C53FD837344,true,bodywork
21,Nev,Argyle,rio,Volkswagen,1996,5827327484,Male,5N1AN0NU9CC275334,true,motor
22,Antonia,Blamire,9-3,Saab,2006,8011209639,Female,WAUCFAFH0BN496967,true,bodywork
23,Finley,Vittel,Forenza,Suzuki,2005,1858150280,Male,SCFAD01E19G505411,true,bodywork
24,Maris,Kerrich,Paseo,Toyota,1994,9174501828,Female,WAU3FAFR5DA575103,true,motor
25,Valentina,De Carolis,530,BMW,2007,7526890181,Female,5UXKS4C5XF0002413,true,bodywork
26,Davey,Pacheco,Explorer Sport Trac,Ford,2008,3583755138,Male,JTDKDTB30E1973208,false,steering
27,Henrieta,Benini,A4,Audi,2003,2225072795,Female,WA1CFAFP0BA103495,true,steering
28,Morrie,Peer,Transit Connect,Ford,2013,1695484789,Male,1VWAH7A31DC484373,false,steering
29,Rosene,Schutte,Vanquish S,Aston Martin,2005,6102068149,Female,3N1AB6AP7AL888461,true,bodywork
30,Elijah,Rain,Evora,Lotus,2010,5653502421,Male,2T3BF4DV6BW943464,false,bodywork
31,Lorita,Amiranda,Escape,Ford,2002,1203683707,Female,WAUKFAFL1CA308269,false,motor
32,Kelsey,Jasper,Tiburon,Hyundai,2008,9293027291,Male,SALFP2BG5FH788501,true,motor
33,Marie,Bathow,Routan,Volkswagen,2011,5802718919,Female,WAUDF98E55A681534,false,motor
34,Lorri,Bowen,Vibe,Pontiac,2009,9336485407,Female,1N6AF0LY9FN664133,false,steering
35,Rafaelia,Twelftree,CL-Class,Mercedes-Benz,2003,5414940932,Female,WAUBNBFB8AN031108,true,steering
36,Alta,Christene,Truck Xtracab SR5,Toyota,1989,1911934805,Female,WAUDK78T69A340812,true,steering
37,Ketty,Stigger,207,Peugeot,2006,4244020942,Female,WAUGFAFC7DN673698,false,motor
38,Rasla,Enever,Ram 3500,Dodge,1995,2410757448,Female,5BZAF0AAXEN556451,true,steering
39,Rayner,MacCallion,7 Series,BMW,1993,3279240603,Male,1GD311CG4FF847310,false,steering
40,Llywellyn,McVitty,GranTurismo,Maserati,2008,5266512717,Male,WAUJFAFH0BN322923,false,steering
41,Matthieu,Runcie,7 Series,BMW,1997,7204745809,Male,SCBGH3ZA1EC804028,false,steering
42,Massimiliano,Bramhall,CL-Class,Mercedes-Benz,2008,7770765587,Male,WAULV44E17N665513,true,motor
43,Reta,Dohr,M3,BMW,1996,1523544929,Female,3VW517AT4EM518313,true,steering
44,Jazmin,Finlan,Altima,Nissan,1999,0761995307,Female,JH4CU2F64AC470927,true,bodywork
45,Shannon,Cringle,4Runner,Toyota,2010,1893870936,Male,WAUDF98E68A779590,true,bodywork
46,Beverlee,Woodford,ES,Lexus,2010,1863422250,Female,SCFFDAAE8BG811197,true,bodywork
47,Nell,Andrin,Forester,Subaru,2003,5906395598,Female,5NPDH4AE9CH244457,false,bodywork
48,Leicester,Meron,Sedona,Kia,2010,6236244065,Male,1G4HA5EM8AU611862,true,motor
49,Jaime,Vowden,H3,Hummer,2008,9289598239,Female,WBADX1C5XDJ301141,true,steering
50,Alex,Eisikowitz,CC,Volkswagen,2011,2389924786,Female,SAJWA4ECXEM307114,true,steering
51,Ferris,Janse,MKS,Lincoln,2010,0374873038,Male,WBAXA5C57FD483405,false,bodywork
52,Adan,Mithon,Eurovan,Volkswagen,1994,0092868142,Male,1G6AP5SX1E0805247,true,steering
53,Lothario,Blackmuir,Silhouette,Oldsmobile,1997,6624800658,Male,1D7RW3BK1AS788448,true,bodywork
54,Osborn,Ianetti,Galant,Mitsubishi,1986,9045331942,Male,5UXFB53564L667442,true,motor
55,Consuela,Bassett,Previa,Toyota,1997,6472248273,Female,2FMGK5B86EB702198,true,motor
56,Cinderella,Pietersma,Samurai,Suzuki,1995,5930280312,Female,3GTU2YEJ5BG147294,false,steering
57,Bartram,Radnage,E250,Ford,2005,3795520681,Male,WAUFFAFL7BN622422,false,motor
58,Enrichetta,Rickardsson,Town & Country,Chrysler,1996,4866234555,Female,1C6RD6FK6CS019465,true,motor
59,Derry,Patman,Routan,Volkswagen,2009,4484589249,Male,1GYS4JEF5BR258930,false,steering
60,Jens,Muirhead,xA,Scion,2004,4435177676,Male,JA4AS2AWXDU657877,true,steering
61,Thomasin,Percival,Park Avenue,Buick,1999,8798375075,Female,3C63DRAL0CG409654,true,motor
62,Angus,Maynell,M3,BMW,2001,4350236198,Male,W04G15GV1B1676944,true,steering
63,Bastien,Ferris,Maxima,Nissan,2009,2497365857,Male,JH4CL95844C934205,false,motor
64,Norman,Barensky,Corrado,Volkswagen,1990,7098610119,Male,3D7TT2CT4AG201764,true,bodywork
65,Cissy,Larmour,Santa Fe,Hyundai,2008,1386554979,Female,WBABD33406P458566,false,bodywork
66,Penny,Borer,7 Series,BMW,1996,6117309864,Male,3D7TP2CT3BG614832,true,motor
67,Farrel,Aulds,SJ 410,Suzuki,1986,5561157426,Male,5N1CR2MM5EC140171,true,steering
68,Emelen,Tatersale,Sonoma Club Coupe,GMC,1996,1547324732,Male,1G6AX5S34E0364873,false,bodywork
69,Berkie,Hansel,Mariner,Mercury,2010,7842538468,Male,WAUDF98E48A869563,false,motor
70,Gwyn,Maggiori,GTI,Volkswagen,1997,0770364039,Female,WAUGGAFR0EA485857,true,motor
71,Fons,Runsey,LS,Lexus,2008,0746666314,Male,WAUCFAFH5BN285750,false,bodywork
72,Consolata,De Bell,Murano,Nissan,2010,2289171735,Female,2B3CK8CT5AH745241,true,motor
73,Ebba,Reiach,Caravan,Dodge,1985,9915320469,Female,1N6AF0LY6FN652831,true,motor
74,Binny,Tremoille,Ascender,Isuzu,2003,4744822932,Female,WVWED7AJ0DW697182,true,steering
75,Richmond,Claque,A5,Audi,2012,6542781730,Male,WA1YD54B84N102178,false,steering
76,Frederick,Koschek,Jetta,Volkswagen,1994,9787456703,Male,2LMDJ6JK1DB639591,true,bodywork
77,Osmund,Brayson,XC60,Volvo,2010,2118154844,Male,1G6DG8E50D0100849,false,motor
78,Andrej,Ahmad,Thunderbird,Ford,1980,9386784939,Male,3N1AB6AP6BL429620,true,bodywork
79,Hymie,Muress,Spirit,Dodge,1993,2767173017,Male,YV4902BZ2B1507717,true,steering
80,Nerta,Kohler,4000s Quattro,Audi,1986,4850187315,Female,WAUVC58E55A381434,false,motor
81,Reginald,Jopke,2500,GMC,1999,9944351997,Male,WAUAF98E57A249449,true,bodywork
82,Issy,Josefson,SL-Class,Mercedes-Benz,1986,9620290941,Female,SAJWA0FB6CL482932,true,motor
83,Carling,Bewshire,LS Hybrid,Lexus,2010,7585666144,Male,JTHDU1EF9C5917906,false,steering
84,Jamie,Barefoot,C-Class,Mercedes-Benz,2005,0520217659,Male,2G61V5S34D9904622,true,motor
85,Heall,Thornebarrow,Challenger,Dodge,2011,8836029825,Male,WBA3B1C58FK471229,true,motor
86,Melessa,Clelle,88,Oldsmobile,1993,8983911093,Female,WBANE73596B385754,false,steering
87,Clarissa,Adamolli,Quantum,Volkswagen,1984,3232003621,Female,JA32U1FU9BU840284,true,bodywork
88,Phoebe,Ricketts,Neon,Plymouth,1995,6386324722,Female,1D7RE3GK7AS158302,true,bodywork
89,Henrieta,Pierton,Monte Carlo,Chevrolet,2005,2855430682,Female,1FTWW3B58AE150460,false,motor
90,Der,Coolahan,Fusion,Ford,2013,1075589606,Male,WBA3T7C56F5360984,false,steering
91,Maryellen,Tamsett,3 Series,BMW,1995,2477595717,Female,WAUSF98K09A404986,true,motor
92,Urson,Batalle,Optima,Kia,2007,6841532538,Male,3D4PH9FG5BT046707,true,steering
93,Alan,Etridge,Acadia,GMC,2008,4580486455,Male,JM3TB2CV0F0830861,false,bodywork
94,Bond,Tritton,Coupe GT,Audi,1985,5374253212,Male,2T1BU4EE8CC965370,true,steering
95,Mehetabel,Hellsdon,Maxima,Nissan,1994,7982210872,Female,19UUA755X8A792435,true,bodywork
96,Conan,Morrieson,Lancer Evolution,Mitsubishi,2003,8211329840,Male,3D73M3CL4BG562111,false,steering
97,Doria,Tredget,2500,Ram,2011,2268537609,Female,WBASP0C58DC281784,true,bodywork
98,Aymer,De Angelo,F150,Ford,2008,5782570075,Male,JN8AZ2NC4F9046156,false,motor
99,Kristos,Petche,Cooper Countryman,MINI,2012,5120514545,Male,1G6DH5E57C0577739,false,bodywork
100,Dun,Plose,Concorde,Chrysler,2002,7029641108,Male,SALWR2VF5FA170858,false,motor
101,Julian,Ambrosi,Mustang,Ford,2009,2627566229,Male,2C3CCAKG5EH705310,true,steering
102,Lizabeth,Tookill,Grand Prix,Pontiac,2001,7698679934,Female,1C4NJCBA2FD201846,true,motor
103,Clare,Burniston,Tiguan,Volkswagen,2009,8116383213,Male,WBAUN1C56CV901393,true,motor
104,Orrin,Velasquez,Cube,Nissan,2010,9987141595,Male,1FTEX1E8XAF921563,false,motor
105,Mina,Monkleigh,Swift,Suzuki,1997,4215500486,Female,1GYFC26299R244349,false,bodywork
106,Cristina,Sandlin,M,Infiniti,2004,3077484277,Female,1FTEW1E86AF685173,true,motor
107,Rip,Castagnet,Eos,Volkswagen,2011,3327097798,Male,1FTEW1CM9CF140085,true,steering
108,Murial,Fallens,Q,Infiniti,1997,5912333000,Female,WA1CV74LX7D193802,false,motor
109,Jeanna,Jayne,911,Porsche,1985,7002428241,Female,SCBBP93W19C457326,true,steering
110,Pauletta,Chittock,Biturbo,Maserati,1985,1199664960,Female,ZFBCFADH9FZ505401,false,bodywork
111,Barr,Sprackling,Thunderbird,Ford,1977,4255004439,Male,2HNYD18441H352560,true,steering
112,Lind,Filipiak,Type 2,Volkswagen,1989,8098781135,Male,WAUHFAFL7DN206916,false,bodywork
113,Carmen,Durrad,9-3,Saab,2012,5182854641,Female,3D4PG6FV9AT964880,true,motor
114,Honey,Spary,GS,Lexus,2010,3022860919,Female,3D73M3HL8BG478205,true,steering
115,Nye,Cusack,RDX,Acura,2009,0249392062,Male,WBASN2C54DC996305,true,motor
116,Daron,Teaser,Cabriolet,Audi,1995,7163943881,Female,ZFF60FCA2A0752996,false,motor
117,Dewie,Juliano,R-Class,Mercedes-Benz,2009,7129266449,Male,WBAVT13556K030681,false,steering
118,Genevieve,Sewart,300,Chrysler,2005,6959577349,Female,55SWF4JB4FU719129,false,bodywork
119,Devi,Grimwade,Taurus,Ford,1991,7193278428,Female,JTHFF2C21E2241092,true,bodywork
120,Cori,Brimmacombe,Corvette,Chevrolet,1978,0536460485,Female,KM8NU4CC6CU305258,true,motor
121,Merwyn,Bittany,LeMans,Pontiac,1968,3749464936,Male,4USBT53534L693892,false,motor
122,Dante,Pettko,V8 Vantage,Aston Martin,2008,0406495297,Male,JTHKD5BH4B2893602,false,steering
123,Linette,Carstairs,Entourage,Hyundai,2009,0489611117,Female,5GADV23L05D550501,false,steering
124,Gael,McLauchlin,GS,Lexus,2000,6601331740,Male,1N4AL2AP0BC627629,true,steering
125,Heinrik,Sullivan,E350,Ford,2009,5561070479,Male,1GTN1UEH8FZ106953,false,steering
126,Terence,Feechan,Tucson,Hyundai,2008,3768996875,Male,WDDEJ7GB0DA925080,true,steering
127,Dean,Doornbos,Cabriolet,Audi,1994,7678086512,Male,1N6AF0KY4FN826932,true,steering
128,Sib,Mantrup,Somerset,Buick,1986,6718130761,Female,2G4GR5EC8B9211164,true,motor
129,Shell,Revening,Windstar,Ford,2003,0911640614,Female,WAUNE78P18A302689,false,bodywork
130,Dickie,Pybus,S10 Blazer,Chevrolet,1994,6516001855,Male,WA1WMAFE1FD585769,false,motor
131,Tildy,Attewill,Tundra,Toyota,2010,3032144612,Female,WA1WKAFP9CA037412,true,steering
132,Sophey,Chotty,Safari,GMC,2000,6744262629,Female,WAUAF98E27A964690,true,bodywork
133,Alverta,Pannaman,Grand Cherokee,Jeep,2009,0283060611,Female,JH4NA21682T683597,false,steering
134,Eveleen,Bifield,G-Class,Mercedes-Benz,2002,1356149839,Female,WBAUN7C51CV886062,true,motor
135,Erda,Davidai,XK Series,Jaguar,2001,2521642800,Female,WBA5M2C54ED231316,false,motor
136,Marrissa,Brotherick,MX-5,Mazda,1994,6087431500,Female,JTDJTUD38ED931692,false,bodywork
137,Ches,Mattei,Matrix,Toyota,2008,2185303899,Male,WAUVC58E65A020441,false,bodywork
138,Gabriella,Deniske,Suburban,Chevrolet,2010,6512781325,Female,1G6KE54Y92U522468,true,steering
139,Vaclav,Nestle,Firebird,Pontiac,1998,8947204196,Male,WBANV1C54AC449621,false,motor
140,Olly,Bellino,Suburban 2500,Chevrolet,1999,1365868419,Male,JM1NC2JF9B0890741,true,bodywork
141,Frans,Esson,Express 1500,Chevrolet,2004,7777143336,Male,YV440MBC1F1485300,true,steering
142,Cyril,Poytres,Grand Prix,Pontiac,1970,5698589305,Male,WAUPEBFM8CA425547,true,bodywork
143,Arnie,Headon,Nubira,Daewoo,2000,9780023356,Male,WBAWL1C59AP592244,false,bodywork
144,Ignaz,Pelzer,Monterey,Mercury,2007,3309170209,Male,3C4PDCABXFT676536,false,motor
145,Ebenezer,Carhart,Camry,Toyota,1994,8793042655,Male,5N1AR1NB8BC348605,true,steering
146,Morry,Georgelin,Taurus,Ford,1991,5535240451,Male,2T1BURHE9FC034888,false,bodywork
147,Hannis,Gaukroger,Forester,Subaru,2006,6478580490,Female,2C3CDXEJ8DH964038,true,steering
148,Arlin,Olive,Sportvan G30,Chevrolet,1993,5591151930,Male,WDDGF4HB9CR922668,true,motor
149,Em,Crow,Ram Van B150,Dodge,1992,8331666038,Female,SCFFBCBD6AG737462,true,motor
150,Cristine,Gibbonson,Savana 3500,GMC,2009,3630542794,Female,JN8AF5MR7DT112358,true,motor
151,Al,Corcoran,Maxima,Nissan,2003,9291784583,Male,WBABN53461J673745,true,motor
152,Ericha,Record,Mark LT,Lincoln,2006,5805724650,Female,5N1AN0NW6FN589856,false,steering
153,Tadeo,Skeath,Cavalier,Chevrolet,2005,7991030911,Male,1N6AD0CU3EN329483,true,motor
154,Hamnet,Jopling,Vision,Eagle,1996,6853178106,Male,4JGDA0EB9FA241238,false,bodywork
155,Randie,Gepheart,LS,Lexus,1999,9397208861,Male,1D7RW7GP9AS509243,true,steering
156,Goldina,Ellgood,9-2X,Saab,2006,9989204055,Female,3D4PG4FB7AT478062,false,motor
157,Siffre,O'Shea,Sebring,Chrysler,2006,6443421841,Male,1G6KD57YX8U247006,false,motor
158,Hastings,Grzegorczyk,A4,Audi,2000,1008929166,Male,1GD22XEG3FZ684334,false,motor
159,Bibby,Greenley,Impala,Chevrolet,2009,6626154583,Female,1FTSW2A53AE307340,false,motor
160,Carolus,O'Hannay,Outlander Sport,Mitsubishi,2011,4976994066,Male,WBAYB6C59DD393824,false,bodywork
161,Federica,Besnard,Diablo,Lamborghini,1994,4697939581,Female,3GTXKYEJ0AG209535,true,motor
162,Gunar,Hartnell,Continental,Bentley,2005,2392180474,Male,WBAEN33435E137688,false,motor
163,Delphine,Maddaford,GTI,Volkswagen,2002,3912925402,Female,WDDHF2EB2BA471934,false,steering
164,Juanita,Meakin,Ram,Dodge,1994,8013560767,Female,3GTU2YEJ7CG101726,true,bodywork
165,Onfre,Pollastrino,Continental,Lincoln,1989,2227756500,Male,WAUKH78E38A652138,false,bodywork
166,Horacio,Boissier,Mustang,Ford,1999,6640306891,Male,WAUBF98E88A303624,false,motor
167,Michele,Goddert.sf,Club Wagon,Ford,1996,8161785066,Male,5TDBW5G19BS719394,false,motor
168,Electra,Postle,EXP,Ford,1985,0016719557,Female,1G4HP52K034976413,false,steering
169,Paten,MacAndrew,S90,Volvo,1998,0329761250,Male,JA4AP3AU5BZ433180,true,motor
170,Darci,Riceards,TT,Audi,2000,3683780800,Female,1D4PT4GK8BW012159,true,steering
171,Massimiliano,Baybutt,S-Series,Saturn,2000,6650163872,Male,1GKS1EEF3CR230085,true,bodywork
172,Lyle,Brahmer,Accent,Hyundai,2007,9624060398,Male,1C3CDFCB1FD994861,false,motor
173,Jone,Graffin,Quattroporte,Maserati,1985,8885440665,Male,2T1BPRHE2FC929064,true,motor
174,Banky,Borgnol,Quest,Nissan,2005,6175305787,Male,WBAVA37597N656763,true,motor
175,Morlee,Baitey,Cordia,Mitsubishi,1984,4376959855,Male,5N1AT2ML0FC788213,false,steering
176,Roch,Jolliffe,Montero Sport,Mitsubishi,2001,2983850676,Female,2G4WS52J521874273,false,steering
177,Andris,Blowing,D150,Dodge,1993,2705327495,Male,JN1CV6FE5FM682172,true,bodywork
178,Lexi,Warsap,Wrangler,Jeep,2002,1512126462,Female,2C3CCAST6CH212973,false,bodywork
179,Friedrich,Tucker,G,Infiniti,1996,9299120919,Male,WAUFGBFB1BN954642,true,bodywork
180,Augustine,Millson,430 Scuderia,Ferrari,2008,9551502868,Male,WAUKH78E48A232128,false,steering
181,Lauretta,Truggian,Navigator,Lincoln,2001,9010939995,Female,2G4GX5GV4B9474904,true,motor
182,Terrill,McGrayle,RX,Lexus,2005,0692219242,Male,WDDEJ7GB1DA551739,true,steering
183,Alissa,Hearthfield,LeBaron,Chrysler,1995,6752924392,Female,1GYS4HEF8CR975221,true,bodywork
184,Edsel,Guilliland,Tiburon,Hyundai,1999,6545723480,Male,WA1WGBFP1EA700126,false,steering
185,Charmine,Dechelle,Ram Van 3500,Dodge,1999,4472368641,Female,WBANA73514B901405,false,bodywork
186,Sybille,Vignaux,Highlander,Toyota,2007,7802579228,Female,WUARL48H36K400859,true,bodywork
187,Nevil,Dosdale,Mirage,Mitsubishi,1995,2019448459,Male,1G4HP54K314145823,false,steering
188,Almira,Loisi,Passat,Volkswagen,1987,0243956762,Female,1FTEW1E85AF918038,false,bodywork
189,Lyndell,Chomicki,LX,Lexus,2006,2490442570,Female,WBAVM1C59EV100564,false,bodywork
190,Shandie,Wasiel,Tribute,Mazda,2003,2694477003,Female,YV126MFBXF1434639,false,steering
191,Margo,Retallack,GTI,Volkswagen,1991,2761524136,Female,3GTU1YEJ0BG595025,true,motor
192,Essie,Gocher,Durango,Dodge,2001,6859055901,Female,WAUBNAFB8BN722926,true,steering
193,Theobald,Stoop,Xterra,Nissan,2011,2770337610,Male,5FPYK1F60EB539510,true,bodywork
194,Diana,Monkman,Boxster,Porsche,2004,8784459506,Female,WBA3A5C58FF661955,false,steering
195,Connie,Rowlatt,RAV4,Toyota,2003,2224001533,Female,2G4WS55J531933335,false,motor
196,Marylynne,Bradnocke,SRX,Cadillac,2006,7592492091,Female,1D7RV1CT5BS883482,true,bodywork
197,Dorian,Dyster,Jetta,Volkswagen,2001,6455390172,Male,1FMEU5BE6AU802135,false,bodywork
198,Cher,Bryce,Miata MX-5,Mazda,1999,6817183952,Female,1G4HD57267U391911,true,steering
199,Hugo,Rowell,Fortwo,Smart,2012,2517007543,Male,1GYS4JEFXCR778591,false,steering
200,Melany,Buney,Topaz,Mercury,1984,3208104855,Female,WA1BV74L17D283495,false,bodywork
201,Viva,Bleakley,Explorer,Ford,2012,9701017730,Female,WBSWL9C57AP113104,true,steering
202,Elle,Piggins,Edge,Ford,2009,2948665485,Female,WAUFGBFC2DN646701,false,motor
203,Renard,Shirer,XJ Series,Jaguar,2001,9526446631,Male,WVGAV3AX4EW169554,true,motor
204,Annecorinne,Sparrow,Continental,Lincoln,1998,9350261472,Female,1G6DL5E30C0509229,true,steering
205,Ellene,Drummer,TT,Audi,2000,7714010002,Female,NM0GE9E75F1650355,false,steering
206,Florette,Rizon,Sable,Mercury,1994,9747008033,Female,1N6BF0KM1FN486706,false,steering
207,Tamra,Glenwright,Canyon,GMC,2007,7069008007,Female,WBSBR93432P743918,false,steering
208,Amby,Blundan,Econoline E150,Ford,1999,4129452126,Male,19UUA9F51DA169743,true,motor
209,Darrell,Keppin,4Runner,Toyota,1996,8184324138,Male,1FTNF2A57AE325384,false,motor
210,Winn,Wiggam,HHR,Chevrolet,2009,3512836976,Male,1N4AL3AP4EC940970,true,steering
211,Jaquith,Imbrey,Crown Victoria,Ford,1996,2277052728,Female,WBAYB6C56FD691752,true,motor
212,Jaclin,Beebe,Sable,Mercury,1987,1723995665,Female,WVWDB7AJ7EW383693,true,motor
213,Iver,Gubbin,MPV,Mazda,2002,1686084072,Male,WBA3B9C59EP909417,false,steering
214,Carolan,Humpherson,Th!nk,Ford,2000,5729705565,Female,WBAWV13527P725042,true,bodywork
215,Wilton,Murphy,Prizm,Geo,1992,1226704719,Male,5J8TB18219A894506,false,steering
216,Domeniga,Gooke,Corvette,Chevrolet,1998,6489396777,Female,5NPET4AC7AH071827,false,motor
217,Cly,Stowgill,928,Porsche,1991,2520872306,Male,2C3CA7CW0AH883182,false,bodywork
218,Les,Olivi,XL7,Suzuki,2006,4836779766,Male,1GYS4KEF8CR099988,false,motor
219,Husain,Minto,Camry Solara,Toyota,2006,1751245799,Male,TRUWC28N211411026,true,steering
220,Bonita,Luchetti,Town Car,Lincoln,2003,1747434795,Female,3C3CFFFH9CT810699,false,steering
221,Olimpia,Witton,Journey,Dodge,2012,7684237772,Female,WBAWV53589P329580,true,steering
222,Amil,Orteu,Yaris,Toyota,2007,1549830791,Female,WAUAF78E45A223488,true,motor
223,Suzanna,Scemp,FR-S,Scion,2013,9981001619,Female,WAUNF78P38A597873,false,motor
224,Alameda,Olman,Ram Wagon B350,Dodge,1993,6498056851,Female,WBASN0C56DD242675,false,steering
225,Dew,Donnachie,XL7,Suzuki,2006,8524265787,Male,JH4KB26569C767931,true,bodywork
226,Ninetta,Jacobssen,Lancer Evolution,Mitsubishi,2010,6780833770,Female,WAUFFAFLXBA922883,true,steering
227,Egan,Rootham,X5,BMW,2004,5299558295,Male,1FTNF2A52AE550571,true,bodywork
228,Ruben,Tinn,Golf,Volkswagen,1989,1258377896,Male,JH4KB16527C363774,true,bodywork
229,Winston,Rooze,Sportage,Kia,2008,1503645002,Male,SALGS2EF4EA077059,true,bodywork
230,Anton,Vecard,Catera,Cadillac,1999,4885495822,Male,1GYUCCEF3AR127503,true,motor
231,Lauryn,Longman,F250,Ford,1998,2785739337,Female,1D4PT7GX7BW444996,true,bodywork
232,Guenevere,Bridgman,Z3,BMW,1999,4373105170,Female,1G6AB5S30F0311054,true,bodywork
233,Skippie,Ship,Montero Sport,Mitsubishi,2003,2078667870,Male,WBAWC73598E792405,false,bodywork
234,Leonelle,Avrasin,Savana 2500,GMC,2007,3843672911,Female,2C3CDXDT1DH332534,true,bodywork
235,Helena,Hassard,Matrix,Toyota,2004,1944515992,Female,2T1BU4EE8BC217815,true,steering
236,Travus,Jonson,Eurovan,Volkswagen,1993,5737906329,Male,5N1AR1NB7BC739731,false,motor
237,Adrian,Moohan,Express 1500,Chevrolet,2001,2940772630,Male,TRUDD38J691435333,false,steering
238,Dominique,Waite,LeBaron,Chrysler,1995,8975180794,Male,1GYS4JEF5BR899981,false,motor
239,Anetta,Jeyness,Exige,Lotus,2007,9288811176,Female,3C63DPAL0CG666012,true,motor
240,Eben,Nettle,Diablo,Lamborghini,2000,4510696418,Male,KNAFX6A87E5758907,true,motor
241,Brandice,Staniford,G-Series 2500,Chevrolet,1996,8836903142,Female,WAUBVAFA3AN354175,false,motor
242,Bram,Gregory,G-Class,Mercedes-Benz,2012,4563958425,Male,WAUKF98E45A308315,false,steering
243,Burk,Sarah,MKX,Lincoln,2011,7092072271,Male,3GYFNEEY5AS024905,false,steering
244,Bryn,Yousef,Cougar,Mercury,1992,0430470924,Male,WAUDF48H79K629495,true,motor
245,Zita,Burwell,Explorer Sport Trac,Ford,2001,7042303466,Female,WBAYE0C58DD563398,false,steering
246,Tory,McCrackem,Breeze,Plymouth,1999,8774203355,Female,JN8AF5MR4CT231337,true,steering
247,Griswold,Lage,Freelander,Land Rover,2004,0086242989,Male,5UXZV8C57CL398940,false,motor
248,Christophorus,Fippe,S80,Volvo,2005,7740381497,Male,KMHHT6KD7DU515925,false,steering
249,Gearard,Roantree,D350 Club,Dodge,1993,5034936038,Male,5N1AT2MK5FC059342,false,motor
250,Joela,McGown,944,Porsche,1983,5621420411,Female,WAUKFAFL1BA048776,true,motor
251,Chancey,Sterre,Bronco,Ford,1988,7243407641,Male,WBAFV3C58FD761619,true,bodywork
252,Elsinore,Woehler,Vision,Eagle,1993,9305657443,Female,SALVP1BG6FH201177,false,motor
253,Peder,Westmarland,F250,Ford,1994,6745436655,Male,WAULT68E72A459592,true,bodywork
254,Rowe,Hempshall,Fox,Volkswagen,1990,5820088352,Female,WAUKF98E38A609484,false,bodywork
255,Rolland,Sango,E350,Ford,2012,5282917017,Male,WBAWL1C55AP068069,false,bodywork
256,Pacorro,Denisyuk,GT-R,Nissan,2013,8063950909,Male,WBA3N9C50EF200033,true,bodywork
257,Bonnee,Kindon,Accord,Honda,1993,9189872983,Female,5J8TB2H57CA790464,false,steering
258,Ezechiel,Masham,80,Audi,1991,9846800215,Male,1G6KE54Y05U055168,true,bodywork
259,Theresa,Gollin,Camaro,Chevrolet,1999,4999354209,Female,1GYS3CEF9DR511197,false,steering
260,Ode,De Bernardis,riolet,Audi,1994,3909791220,Male,JM1NC2PF1E0793545,false,steering
261,Garth,Groven,Venture,Chevrolet,1997,1995165980,Male,JTDJTUD3XED740114,false,steering
262,Shaughn,Zupa,Beetle,Volkswagen,1967,2429411539,Male,WAUDF68E85A134532,false,motor
263,Dennet,Charrette,Caravan,Dodge,1992,9735312735,Male,WA1VMAFE3BD033552,false,steering
264,Luciano,Sweetlove,Montero,Mitsubishi,1994,1646836669,Male,WAUKF78P49A949332,false,bodywork
265,Carena,Lidgett,Tahoe,Chevrolet,2012,5971240080,Female,1G6DC8E51C0743916,false,steering
266,Town,Probbing,Sprinter,Dodge,2008,0121763358,Male,4T1BB3EK3AU989383,false,bodywork
267,Luigi,Ruvel,900,Saab,1992,9641326694,Male,WA1C8BFP0DA709916,false,steering
268,Ruttger,Peschet,LTD Crown Victoria,Ford,1986,8904928524,Male,1G4GC5G37EF492898,true,bodywork
269,Alexandrina,Tester,Bronco,Ford,1994,0586611614,Female,WAUEH48H58K719418,true,steering
270,Stefano,Elstow,TT,Audi,2001,1203874057,Male,1G6KE57YX3U475240,false,steering
271,Talya,Cullinane,Ram Wagon B250,Dodge,1992,0732025249,Female,WBADW3C55BE022975,false,motor
272,Nan,Dockrill,9-3,Saab,2000,0994772939,Female,JHMZF1C66FS447875,true,steering
273,Nomi,Manssuer,R-Class,Mercedes-Benz,2009,2387274261,Female,WBAGN83534D424001,false,bodywork
274,Hamlin,Quinsee,Torrent,Pontiac,2006,7684537113,Male,SCBLF34F53C828921,false,steering
275,Parsifal,Skey,C70,Volvo,2010,0107301059,Male,1GYFK562X9R957054,true,motor
276,Ermin,Janatka,F250,Ford,1995,6040091029,Male,WAULD64B93N455904,false,motor
277,Rodge,Haulkham,SRX,Cadillac,2009,6014332235,Male,19UUA66264A896638,false,bodywork
278,Jo,Losel,Touareg,Volkswagen,2005,6651973703,Male,2T2BK1BA0DC038785,false,motor
279,Aldous,Bortolotti,Trans Sport,Pontiac,1998,9312991132,Male,WAU3FAFRXDA880399,true,steering
280,Maximo,Fyers,LeSabre,Buick,1993,3392424870,Male,WBAYE4C59ED078292,false,motor
281,Evanne,Camps,Pajero,Mitsubishi,1999,1186498390,Female,SCBGC3ZA8EC303930,false,steering
282,Garrick,Gobel,V50,Volvo,2005,3547233798,Male,3N1CE2CP4FL564008,true,motor
283,Arty,Veldens,Malibu,Chevrolet,2002,7097021608,Male,1GKUCEEF4AR443997,false,steering
284,Gilberto,Kettlestringe,100,Audi,1989,6926634823,Male,5J6TF1H34EL805824,true,bodywork
285,Alidia,Chinn,Explorer Sport,Ford,2001,9690029657,Female,1G6DC1E34D0878332,false,bodywork
286,Mirna,Phelan,rio,Volkswagen,1999,3935480539,Female,JN8AZ1MU1AW689823,true,steering
287,Margaretta,Mariotte,Aero 8,Morgan,2008,7735871147,Female,WBAYP9C50ED836852,true,bodywork
288,Farley,Urian,SL-Class,Mercedes-Benz,1988,6531586281,Male,JH4CW2H66CC239473,true,bodywork
289,Ninette,Sammonds,Integra,Acura,1995,6984545587,Female,JN1AY1AP6CM777457,true,motor
290,Idaline,Lansdale,MX-5,Mazda,2008,3655261330,Female,5TDBM5G17AS364035,true,bodywork
291,Bartolomeo,Jozwicki,V70,Volvo,2008,1724449699,Male,WAUEF98E48A575701,true,steering
292,Nina,Songest,Astro,Chevrolet,2004,8004086950,Female,19XFB4F21DE949395,false,bodywork
293,Swen,Winman,Silhouette,Oldsmobile,1995,4126679944,Male,WDDGF4HB5EA406907,false,bodywork
294,Reagen,Dallman,Suburban 2500,Chevrolet,2010,7252658651,Male,WBALW3C56FC733713,true,steering
295,Gwyneth,Nieass,Mustang,Ford,1964,5322751882,Female,WBAFR7C56DD175753,false,bodywork
296,Becca,Harrison,100,Audi,1989,6352177328,Female,3VW507AT5FM613919,true,motor
297,Ruby,Sobieski,Cabriolet,Audi,1998,9689515047,Male,5UXFB535X5L763382,false,motor
298,Innis,Szymonowicz,6000,Pontiac,1991,2116720133,Male,WBAFR7C51DD143406,true,bodywork
299,Robers,Stitcher,LX,Lexus,2007,9404507377,Male,JN1BJ0HP6FM063650,true,motor
300,Ahmed,Frazier,GTI,Volkswagen,2008,3060351759,Male,1G6AB5RX5F0775868,true,bodywork
301,Garnet,Carpmile,Savana,GMC,2009,6435180784,Female,WAUJT54B02N126320,true,motor
302,Larina,O'Shiel,Spider,Alfa Romeo,1993,7666551045,Female,1FTSW2A59AE966720,true,motor
303,Gene,Esparza,C-Class,Mercedes-Benz,2012,5062525535,Female,WAUUL98E58A503118,false,bodywork
304,Desdemona,Bush,Grand Prix,Pontiac,1972,5652854960,Female,5J8TB3H34GL788752,false,steering
305,Revkah,Mocquer,Corvette,Chevrolet,1957,0423826794,Female,SCFEBBAK9BG129054,true,steering
306,Rasla,Peeters,STS-V,Cadillac,2008,5105944704,Female,WDDGF5EB6BA560385,false,bodywork
307,Kim,Cypler,Mustang,Ford,1979,5595984805,Female,WBAUC9C56DV218745,false,steering
308,Cinnamon,Patry,4000,Audi,1987,5200629837,Female,1N6AF0LX7EN546393,false,steering
309,Pavel,Eloi,CT,Lexus,2011,0855681861,Male,WAUKH74F37N012565,true,steering
310,Kristyn,Veld,Navigator L,Lincoln,2011,4004887232,Female,WBA3A5C51EF430006,true,bodywork
311,Christian,Edens,Milan,Mercury,2008,9971159961,Female,3C63DRML2CG352143,true,bodywork
312,Sena,Haughin,Element,Honda,2009,8920362998,Female,WAUBG78E76A216862,false,motor
313,Fredek,Kirsch,Aerio,Suzuki,2005,5407297876,Male,1FTEW1CFXFF520140,true,motor
314,Farica,Fry,Q,Infiniti,2006,2325115488,Female,WBANF73516C391233,false,bodywork
315,Gerrie,Heaselgrave,944,Porsche,1983,4850689140,Male,WAUR4AFD5DN880288,true,motor
316,Nathanial,Kinnie,Mark LT,Lincoln,2006,8071215740,Male,5J6TF1H34EL828925,true,bodywork
317,Tootsie,Holtom,SLX,Acura,1997,8942365884,Female,1D7RV1CT1AS885227,false,bodywork
318,Melisse,Cretney,Golf,Volkswagen,1984,3764197552,Female,1G6DD8E3XE0140221,false,bodywork
319,Katya,Foxwell,Forester,Subaru,2009,0169426262,Female,1GYFK63807R752922,true,steering
320,Tabbie,Stennings,E-350 Super Duty Van,Ford,2006,9591154992,Female,1GD422CG9EF735298,false,bodywork
321,Noami,Rookeby,XJ,Jaguar,2011,4822320960,Female,JN8AE2KP7E9218634,false,steering
322,Heall,Creebo,Endeavor,Mitsubishi,2006,8176931616,Male,WAUHFBFL3AN536330,true,motor
323,Ina,Taffe,Maxima,Nissan,1995,3137684951,Female,3GYFNAE31CS278143,true,steering
324,Aldon,Pretious,626,Mazda,1994,4838017448,Male,JH4DC53874S808197,false,bodywork
325,Terrye,Tembey,Suburban,Chevrolet,2009,7990890968,Female,WUARL48H75K712973,true,motor
326,Westbrook,Ugoletti,X5,BMW,2007,4379347524,Male,3VWML7AJXBM075150,false,motor
327,Pegeen,Sutterby,Suburban 2500,GMC,1998,0754982262,Female,WBSDX9C57DE851660,false,bodywork
328,Pincus,Wallas,62,Maybach,2008,0085184489,Male,JH4DC548X6S120857,true,steering
329,Giulietta,Dankersley,G-Class,Mercedes-Benz,2008,9051539819,Female,1D7CE3BK4AS531695,true,motor
330,Lulita,De Bernardis,Camry,Toyota,1996,6255043614,Female,5UXKR6C58F0186564,false,steering
331,Arin,Rosenbarg,Lancer,Mitsubishi,2003,8316389614,Male,1N6AA0CJ6FN665919,false,bodywork
332,Kennie,Rose,Dakota,Dodge,1994,4581641608,Male,SCFBF03B08G224412,true,steering
333,Celine,Wagerfield,Yukon XL 2500,GMC,2005,5432016737,Female,3MZBM1U79EM048981,true,motor
334,Emmery,Matzl,Fusion,Ford,2013,0319476316,Male,2G4GU5GV5D9682835,false,bodywork
335,Fletcher,Como,Firebird Formula,Pontiac,1999,4692370831,Male,5UXFA53552L220102,false,bodywork
336,Persis,Girvan,GTI,Volkswagen,2010,5446875664,Female,1FTWW3DY9AE236027,false,steering
337,Patrice,Lazare,Avalon,Toyota,2008,5293003011,Female,JN1CV6EK9EM578676,true,steering
338,Gerhard,Lively,QX,Infiniti,2011,5139700891,Male,WAULC58E94A984862,true,steering
339,Kippy,Moffat,LeSabre,Buick,2004,6501344395,Male,1N6AA0EC9DN894428,false,bodywork
340,Cordelie,Strete,M3,BMW,2006,2767909315,Female,3VWAL7AJ3AM107146,false,bodywork
341,Lorraine,Awty,Seville,Cadillac,1993,4471425145,Female,SCBBR53W46C960945,false,bodywork
342,Clotilda,Klimaszewski,Diamante,Mitsubishi,2005,1944523022,Female,WBA6A0C53FG140264,false,steering
343,Keith,Alejandre,CX-9,Mazda,2010,4215061679,Male,1G6DW67V390964760,true,motor
344,Rosalind,Hanaby,E250,Ford,1984,0044754205,Female,1FAHP3GN8AW498437,false,bodywork
345,Edouard,Juliff,S-Class,Mercedes-Benz,1984,3250193585,Male,WUARL48H25K236891,true,bodywork
346,Ervin,Fugere,Eclipse,Mitsubishi,1997,7502829830,Male,JA4AS2AW7AZ035929,false,steering
347,Becky,McGonigle,Xterra,Nissan,2009,1996507966,Female,WBAKE5C5XDJ023152,true,motor
348,Barby,O'Halligan,Charger,Dodge,1970,7015296217,Female,JM1GJ1T62F1363873,true,bodywork
349,Shae,Tytler,Continental,Lincoln,1997,4936227986,Male,KMHFC4DF6BA006045,true,motor
350,Cazzie,Older,S-Series,Saturn,1993,0107894653,Male,JHMGE8G33CC498890,false,steering
351,Ortensia,Skyner,Defender,Land Rover,1992,6426490202,Female,KNDJN2A21E7910191,false,bodywork
352,Michale,Steer,4Runner,Toyota,2012,5332782209,Male,5YMGZ0C57DL521627,true,bodywork
353,Gian,Skeen,RX Hybrid,Lexus,2007,7597562993,Male,5J6TF1H55DL257722,true,steering
354,Lizette,Balkwill,V40,Volvo,2002,6812241008,Female,1G6AR5S38E0191420,false,bodywork
355,Malissia,Scuse,Grand Vitara,Suzuki,2011,1394017987,Female,WBANA53595B618806,false,bodywork
356,Carrie,Vellender,V8,Audi,1990,7424507451,Female,2V4RW3DG1BR809827,false,motor
357,Hillie,Duker,Rodeo,Isuzu,1994,8269449199,Male,5J8TB2H22CA735250,true,bodywork
358,Lenore,Belsey,GTI,Volkswagen,1988,5504764319,Female,WAUAF78E38A620727,true,steering
359,Jehu,Urien,Prelude,Honda,2000,3344620746,Male,JTMHY7AJ1F4068062,true,motor
360,Marcela,Callow,Range Rover Sport,Land Rover,2009,3824086263,Female,SCFEBBCF9CG189305,false,steering
361,Jeanette,MacInerney,B-Series,Mazda,1991,7765795244,Female,5N1BA0ND5FN170072,false,motor
362,Corey,Leek,Vision,Eagle,1995,5263574738,Female,1GYUKKEF8AR519373,false,bodywork
363,Holmes,Duchesne,Savana 3500,GMC,2009,4308407672,Male,2T1BU4EEXBC037557,false,bodywork
364,Sharona,Leroux,Nubira,Daewoo,2002,8521403429,Female,1GYS4AEF3DR761827,false,bodywork
365,Wang,Demanche,Sprinter 3500,Mercedes-Benz,2012,9818169220,Male,WAUAC48H65K140155,false,steering
366,Lulita,Nicholls,Expedition EL,Ford,2011,6708860880,Female,5GADX33LX5D111063,true,bodywork
367,Shawn,Tunmore,Routan,Volkswagen,2011,2716343888,Male,1FTNF2B5XAE019441,true,motor
368,Colene,Ismay,Cutlass,Oldsmobile,1997,5528003857,Female,5TDDW5G11FS784755,false,steering
369,Roldan,Turban,911,Porsche,2003,8448113314,Male,1G4GE5E3XCF505105,true,steering
370,Fransisco,Calcut,2500,Ram,2012,1914838920,Male,WAUWGAFCXDN023840,true,bodywork
371,Tiphany,Ianelli,S-Class,Mercedes-Benz,2002,5504207908,Female,3D73Y4HL0BG493078,false,steering
372,Miran,Newell,RAV4,Toyota,2011,7765168827,Female,JN1CV6EK3BM113743,false,bodywork
373,Mirella,Sannes,B-Series,Mazda,1999,3233725175,Female,WP0AB2A9XAS577082,false,bodywork
374,Carroll,Upson,Reno,Suzuki,2007,6748346800,Female,3N1CE2CP8FL208628,false,motor
375,Melonie,Kubis,M-Class,Mercedes-Benz,2007,5517253520,Female,JM1DE1HY8B0740286,true,steering
376,Guthry,Chaundy,Ram 1500,Dodge,2003,3066535746,Male,1G4GJ5E35CF777461,false,steering
377,Aveline,Edess,J,Infiniti,1994,6388998267,Female,JA32X2HU7BU338271,true,steering
378,Regan,Cordet,Sportage,Kia,2007,1390114228,Female,1FTEX1CM3DF699579,false,bodywork
379,Ardine,Landrick,Avenger,Dodge,2000,9410052920,Female,1N6AF0KY8EN376586,true,motor
380,Mallory,Bomb,CX-7,Mazda,2010,4327215961,Female,19UYA42451A797589,true,motor
381,Haze,Forrestill,Sierra 3500,GMC,2010,3582587657,Male,WAUEF98E66A519840,true,bodywork
382,Merline,Wilkerson,L300,Mitsubishi,1989,0460602373,Female,2G4GR5EC8B9441223,true,steering
383,Lizzie,Arnao,Town & Country,Chrysler,2009,7296470879,Female,1GD01ZCG7BF376071,true,bodywork
384,Pablo,Clawe,Tahoe,Chevrolet,2005,8673742080,Male,1G6DX67D190794516,false,bodywork
385,Rowena,Creagh,6000,Pontiac,1986,4990468341,Female,3GYEK63N32G215956,true,steering
386,Judah,Gifkins,C70,Volvo,2003,7604735274,Male,3VWML7AJ1CM792389,false,steering
387,Gerty,Acarson,Bonneville,Pontiac,1990,7179452289,Female,WBADN63483G419405,false,steering
388,Stesha,Renahan,RAV4,Toyota,1997,8043492883,Female,WBANA53595C916654,true,motor
389,Andres,Magrane,Milan,Mercury,2010,8357927017,Male,1GYUCEEJ0AR660876,true,motor
390,Barris,Jenckes,SC,Lexus,1996,2408796156,Male,JTDKTUD31DD954248,true,steering
391,Lurette,McIlhatton,Voyager,Plymouth,1996,0955158370,Female,WBAYB6C55DC013769,true,motor
392,Burl,Warlton,Lancer Evolution,Mitsubishi,2008,4761491949,Male,WAUDH94F56N722649,false,bodywork
393,Fitz,Galler,A8,Audi,2010,5241746773,Male,WBAEW53452P270395,false,steering
394,Maggie,Solomonides,SX4,Suzuki,2007,6520413623,Female,WBAWL13598P715552,false,steering
395,Woodrow,Heberden,Montero Sport,Mitsubishi,2002,6864776271,Male,1D7RV1CP0BS813035,true,motor
396,Gladys,Fetherstonhaugh,Camaro,Chevrolet,1974,5034659395,Female,5BZBF0AA0EN227729,false,steering
397,Abigale,Cornilleau,Cherokee,Jeep,1994,8651845502,Female,3GYFNGE34DS203148,false,motor
398,Ketty,Housley,G-Class,Mercedes-Benz,2006,4909794832,Female,3C63DRKL1CG171747,false,steering
399,Henryetta,Keems,XG350,Hyundai,2004,3570946428,Female,WDDGF5EB0AR077765,false,steering
400,Cooper,Schlagh,B-Series,Mazda,2002,0210285710,Male,3D73M3CL5AG652723,false,bodywork
401,Francis,Hardi,Sportage,Kia,2000,3655541635,Male,WAUVT54B93N025022,true,motor
402,Aurelia,Govey,Suburban 1500,Chevrolet,2008,4729438590,Female,1G6DM57N540953168,true,motor
403,Sawyer,Chastenet,Silverado 2500,Chevrolet,2011,2980700339,Male,1LNHL9DR5CG208311,true,bodywork
404,Axel,Colbron,Tribeca,Subaru,2007,7615494117,Male,WBAGL635X5D960732,false,steering
405,Jude,Lambrick,Yukon,GMC,2012,5520073643,Male,2T1BURHEXEC523816,false,steering
406,Britt,Winny,Century,Buick,2005,9728052812,Male,WBAUP9C53CV795445,true,steering
407,Cele,Fitzsymon,R8,Audi,2009,6024910363,Female,1G6AB5SXXF0015848,false,motor
408,Mano,Pakenham,Oasis,Isuzu,1998,3491519551,Male,2HNYD186X5H767857,false,bodywork
409,Rafi,Gourlie,Aerio,Suzuki,2003,8714982994,Male,KNAFU5A28C5022635,true,bodywork
410,Devin,Kann,Mountaineer,Mercury,2008,2714302319,Male,WAUGL78E17A489248,false,motor
411,Georgie,McCollum,Passat,Volkswagen,2008,8272742675,Female,5TFBW5F10DX293903,true,motor
412,Gamaliel,Whitehurst,Cabriolet,Volkswagen,1992,1179134168,Male,2G61R5S38E9567149,false,motor
413,Garner,Abson,Raider,Mitsubishi,2007,3641930618,Male,1G4GG5G3XCF791352,false,steering
414,Rubie,Schimpke,Thunderbird,Ford,1996,0781751047,Female,1N6AD0CU8EN234272,false,bodywork
415,Bryn,Grioli,5 Series,BMW,1994,3145296205,Male,1GD312CG3BF830756,true,steering
416,Heddi,Tute,Discovery,Land Rover,2007,0580058085,Female,2G4WF551141945360,false,bodywork
417,Raychel,Scotney,760,BMW,2006,3268278752,Female,WAUDH94F27N331427,false,steering
418,Brenden,Puddefoot,Santa Fe,Hyundai,2003,8900150596,Male,WP0CB2A85FK225583,false,motor
419,Davide,Canter,300,Chrysler,2011,2881221084,Male,SCFBB03CX9G688636,false,steering
420,Britt,Rennolds,Prizm,Chevrolet,2002,3277150186,Male,WAUPL68EX4A692113,false,motor
421,Cheri,Wolfit,MX-6,Mazda,1995,6625670618,Female,JH4KB16317C418309,false,bodywork
422,Burtie,Readwood,Accent,Hyundai,2009,1393385443,Male,1D7CW2BK4AS441972,false,bodywork
423,Whittaker,Capeloff,Grand Vitara,Suzuki,2010,4884069994,Male,2C4RDGAG5CR168971,true,bodywork
424,Lonnie,Andrzejak,Navigator L,Lincoln,2009,8808314308,Female,4JGDA0EB2FA739653,true,bodywork
425,Gertrud,Burtwell,Skylark,Buick,1985,0396332765,Female,WAUMR44E36N649319,false,steering
426,Kellyann,Leyson,Bonneville,Pontiac,1996,5857727049,Female,JN1CV6FE5CM635929,true,motor
427,Val,Bloxsome,TL,Acura,2004,6816214382,Female,1G6AH5R31D0280799,true,motor
428,Tootsie,Shrimpling,RX-8,Mazda,2008,4477832214,Female,WP0AA2A94CS009478,true,bodywork
429,Teddie,Sketchley,Elantra,Hyundai,2010,4926405237,Female,WAUDH68D61A206484,true,motor
430,Salmon,Leftley,Continental GT,Bentley,2008,3490308174,Male,WBA3T1C57EP704810,false,bodywork
431,Nehemiah,Sikorski,Volare,Plymouth,1976,4996679298,Male,W04G05GV7B1332327,false,bodywork
432,Tedie,Crichten,Vibe,Pontiac,2005,0765979098,Male,JM3TB2BV2D0331154,true,motor
433,Barn,McOrkill,2500,Chevrolet,1993,5674069115,Male,3D4PH7FG8BT660655,false,steering
434,Hedwig,Heale,Range Rover Sport,Land Rover,2009,7614635507,Female,WAUEF98E97A559086,false,motor
435,Finn,Denyakin,Torrent,Pontiac,2008,2576970680,Male,1GYS4HEFXCR285163,true,steering
436,Kerr,Heighton,S10,Chevrolet,1993,2823598235,Male,1G6DA8EY3B0276626,false,bodywork
437,Andonis,Drache,Aveo,Chevrolet,2007,4838960921,Male,WBASP2C52DC279458,true,motor
438,Patrice,Josef,Civic,Honda,1999,5618596539,Male,1FTEX1CM1BF287383,true,motor
439,Tristam,Larrat,Tribute,Mazda,2005,5267869260,Male,WAUHE78P59A973863,false,steering
440,Dunstan,Pristnor,MDX,Acura,2003,9940908490,Male,WBA3C1G52EN178821,false,steering
441,Evie,Angel,Aveo,Chevrolet,2005,7137290140,Female,1G4HD572X8U007484,true,motor
442,Waldo,Simonitto,Phantom,Rolls-Royce,2013,7018305462,Male,5TFBM5F10AX429853,true,motor
443,Brittany,Kleinholz,L300,Mitsubishi,1990,9979371331,Female,WAULFAFH5AN817903,true,bodywork
444,Isabelita,MacKee,Range Rover Sport,Land Rover,2007,6044666069,Female,WBA3A9C59EF525338,false,motor
445,Dory,Unitt,Sprinter 3500,Mercedes-Benz,2011,1523760346,Female,4A31K3DT0AE622152,false,bodywork
446,Elicia,Worthing,Altima,Nissan,2002,1041970102,Female,WP0AB2A87CS019507,true,bodywork
447,Haley,Stranks,Yukon XL 1500,GMC,2000,4110783550,Male,WAUFFAFL6FN704082,true,bodywork
448,Suzie,Leivers,Colorado,Chevrolet,2007,2337771318,Female,WDDHF2EB6DA887729,true,steering
449,Jaye,Nourse,CLK-Class,Mercedes-Benz,1999,4330550873,Male,1FTEX1CM3CF597259,true,bodywork
450,Vasilis,Andrzej,Equinox,Chevrolet,2011,0964058944,Male,WA1YL64B25N128690,true,bodywork
451,Giorgio,Yurkin,Metro,Chevrolet,2001,0905537688,Male,1D4PT4GX2BW375827,false,motor
452,Storm,Sawday,Golf,Volkswagen,1987,1340457644,Female,WBAUN93599V987015,false,bodywork
453,Josepha,Cokayne,Ascender,Isuzu,2003,4613182484,Female,1N6AA0EC3DN474177,true,motor
454,Izabel,Panchin,Jetta,Volkswagen,1988,7806331565,Female,JH4CU2F84EC538800,true,steering
455,Shawn,Rouzet,Dakota Club,Dodge,2007,0198637276,Female,JH4DC44551S792768,false,motor
456,Tine,Martel,Firebird,Pontiac,1998,9165571827,Female,WBAHN03538D214364,false,motor
457,Addy,Heinreich,S8,Audi,2008,7956994152,Female,1G6DM8EG1A0244464,true,bodywork
458,Constancia,McGlaughn,Continental,Bentley,2008,2716640157,Female,JM3TB2BV7E0216809,false,bodywork
459,Hunt,Dymick,Aura,Saturn,2008,5864970050,Male,WAUMR44E67N031364,true,motor
460,Thorvald,McGhee,Type 2,Volkswagen,1990,8299751063,Male,19UUA9F74DA869824,true,bodywork
461,Julietta,Kleiner,Celica,Toyota,1983,7485950959,Female,WDDHF0EB1EB990797,true,steering
462,Marice,Dovidian,XC70,Volvo,2011,3994364647,Female,1B3AZ6JZ3AV406824,true,bodywork
463,Lenci,Scoates,Escalade,Cadillac,2000,8783308172,Male,3C4PDDEG4DT852215,true,motor
464,Derrick,Inglish,Mountaineer,Mercury,1997,3922275796,Male,SAJWA4GB3FL109227,true,steering
465,Elisabeth,Spaight,Vision,Eagle,1997,6191011601,Female,WBSKG9C59CE969652,true,steering
466,Boycie,Hairesnape,Jetta,Volkswagen,2009,8586013145,Male,WAUSH94F17N273995,false,steering
467,Thorstein,Smidmoor,Ram Van 1500,Dodge,1997,7707409450,Male,WVGEF9BP9FD829679,true,steering
468,Beatrix,Iacobassi,Cougar,Mercury,1986,5891300303,Female,WAURMAFD6EN843719,true,steering
469,Jaquenetta,Livingstone,E-Class,Mercedes-Benz,1988,4427393306,Female,1N6AD0CUXCN778415,true,steering
470,Berni,Hindes,911,Porsche,2005,8524096810,Female,1B3CB1HA7BD580385,false,motor
471,Oliviero,McGiven,LaCrosse,Buick,2010,1551455749,Male,WAUAC48H06K824409,true,motor
472,Bertrand,Sheilds,Continental GTC,Bentley,2012,9261786804,Male,WAUMGAFL3AA782873,false,motor
473,Emogene,Rowell,M,Infiniti,2008,8733480729,Female,WAUAFAFL8FA959074,true,steering
474,Kiah,Thornham,F350,Ford,2011,4369639514,Female,WAUHF68P86A826536,false,steering
475,Alis,Pallent,Sable,Mercury,1992,7551472436,Female,2HKRM3H59DH573825,false,bodywork
476,Nils,Wann,Turbo Firefly,Pontiac,1988,1004107439,Male,ZHWGU5AU2CL871199,true,bodywork
477,Ekaterina,Craghead,XK Series,Jaguar,2002,3091652513,Female,JH4CL95988C915767,false,steering
478,Binky,Alforde,H1,Hummer,2004,5385005851,Male,WAU3MAFD4FN240341,true,bodywork
479,Garik,Tremblot,Eurovan,Volkswagen,1993,4440013163,Male,2G4GR5GX8F9293886,true,steering
480,Mano,Berling,GTI,Volkswagen,1985,1421266652,Male,JH4DC54893S482612,true,bodywork
481,Fredelia,Paggitt,Century,Buick,1990,5559345415,Female,WDDHF2EB1BA442957,true,bodywork
482,Gabe,Pile,A6,Audi,2003,5912423220,Male,WAUAFAFH2DN436277,true,steering
483,Gibbie,Philipet,Thunderbird,Ford,1996,1511337338,Male,19UUA9F71DA997888,true,motor
484,Hurleigh,Strutz,Z3,BMW,2002,4097567330,Male,5J8TB4H32EL612978,false,bodywork
485,Bernadina,Stode,1500 Club Coupe,GMC,1994,8597414839,Female,WA1AV74L49D407046,true,bodywork
486,Dene,Corrado,LX,Lexus,2005,9910784599,Male,WAUPFBFM4BA510901,true,bodywork
487,Doralin,Brounfield,Lucerne,Buick,2010,7057445237,Female,WAUJC58E54A432606,true,bodywork
488,Mattias,Reicherz,Highlander Hybrid,Toyota,2007,1911756427,Male,1G4HP57M09U101125,false,steering
489,Marnia,D'Errico,XLR-V,Cadillac,2007,9300076892,Female,3N1BC1CP9CK834802,true,steering
490,Zed,Brailsford,Stratus,Dodge,2000,1824995679,Male,WBA3T3C54EJ551589,false,bodywork
491,Joann,Sheals,3 Series,BMW,2008,9882328105,Female,3C3CFFHHXDT983081,false,motor
492,Bink,Verbeek,W201,Mercedes-Benz,1991,3390245774,Male,3D7TP2CTXAG576398,false,motor
493,Dorine,Merfin,Fit,Honda,2012,0510900968,Female,WA1LYAFE4AD692024,true,motor
494,Vera,O'Crigane,MPV,Mazda,2002,2126526763,Female,1GYS3GEF1CR894400,true,bodywork
495,Yorke,Mattussevich,Aerostar,Ford,1996,7968608899,Male,1GTN2TEH5FZ418588,false,bodywork
496,Bethanne,Landre,Jimmy,GMC,2000,5831276821,Female,1GYUCBEF6AR347759,false,steering
497,Casper,Dearle,M5,BMW,2001,0103819797,Male,1N6AA0EJ5FN060335,false,steering
498,Tine,Galland,240SX,Nissan,1994,4208214791,Female,WAUBFAFL4DN295138,true,bodywork
499,Ludwig,Huthart,Hemisfear,Foose,2007,7956624878,Male,WBAAN374X1N074186,false,steering
500,Curran,Linsay,57,Maybach,2009,8284694727,Male,YV4960BZ7A1219337,false,steering
501,Rosanne,Cauderlie,W201,Mercedes-Benz,1993,4825419585,Female,1GKUKGEJ3AR489517,false,motor
502,Farlie,Tanser,TrailBlazer,Chevrolet,2006,1596019689,Male,YV4902DZ0B2854454,true,motor
503,Kermy,Seage,A4,Audi,2003,3899422007,Male,1GD11ZCG7DF002079,false,motor
504,Leola,Abercromby,Discovery,Land Rover,2012,4816066411,Female,JN1AZ4EH1FM802187,true,steering
505,Emanuel,McDavitt,G-Series 2500,Chevrolet,1998,6361612481,Male,3VW517AT3FM885074,false,bodywork
506,Jone,Tomsen,ES,Lexus,2005,6546082047,Male,1FMJK1JT9FE379226,true,steering
507,Windham,Dallaway,Maxima,Nissan,2007,0212650556,Male,1GYUCBEF3AR109562,false,bodywork
508,Rusty,Duffil,Neon,Dodge,2003,5347060395,Male,WAUAF78E58A943001,true,steering
509,Cloe,Arnowitz,Tundra,Toyota,2007,7109211460,Female,WAULD54B24N435764,true,steering
510,Humfrid,Rhydderch,Brooklands,Bentley,2009,1839971126,Male,WBAWR33599P734890,true,bodywork
511,Nevile,Pallent,Range Rover,Land Rover,2000,4222649996,Male,KNDJN2A27F7322247,true,bodywork
512,Rebe,Diment,Ram Van 3500,Dodge,1995,2306838658,Female,SALGS2EF9EA057969,true,motor
513,Fair,Andreolli,Lumina,Chevrolet,1999,5495046862,Male,1D7RE3GK3BS000895,true,motor
514,Zedekiah,Cayet,Lucerne,Buick,2010,7756544765,Male,SCBGU3ZA1EC382418,true,motor
515,Darsie,Ugolotti,A4,Audi,2008,1290142815,Female,JN1AZ4FH9FM532446,true,steering
516,Esther,Capun,Spider,Alfa Romeo,1992,8236613828,Female,KMHCT4AE5CU889277,true,bodywork
517,Emmaline,Guerner,Tiguan,Volkswagen,2010,7553366404,Female,1G6DL5ED7B0518193,true,steering
518,Eilis,Tringham,E-Class,Mercedes-Benz,1998,8441157065,Female,1B3AZ6EZ7AV393747,true,bodywork
519,Quintus,Biles,Galant,Mitsubishi,2006,5192031508,Male,WA1VMAFP5FA272786,false,motor
520,Ringo,Ewols,Escalade EXT,Cadillac,2012,4381419359,Male,19XFB4F33EE352713,false,steering
521,Edouard,Gibb,CLK-Class,Mercedes-Benz,2008,0943594596,Male,3VW507AT8FM392509,false,bodywork
522,Manon,Petti,Prelude,Honda,1995,7274494929,Female,JN8AZ2NC5C9644834,false,steering
523,Ealasaid,Hrynczyk,S40,Volvo,2005,3126448429,Female,YV126MFK5F1692275,true,bodywork
524,Anson,Elmhurst,E-Class,Mercedes-Benz,1989,1455383457,Male,1FMCU0F79FU252328,false,motor
525,Alayne,Anglin,Protege5,Mazda,2003,8158347479,Female,WAUWGAFB7AN107438,true,motor
526,Marcel,Strettle,Escalade,Cadillac,2004,3446563164,Male,WAUXD68D62A235932,false,bodywork
527,Percival,Scott,Paseo,Toyota,1994,6187155025,Male,3VW4A7AT4DM169180,true,bodywork
528,Cassaundra,Tindall,626,Mazda,1988,8349326190,Female,WAULK98K99A143549,false,bodywork
529,Si,Olphert,Amanti,Kia,2007,4241568734,Male,KNAGM4AD3F5842867,true,bodywork
530,Haley,Raoult,Aspire,Ford,1996,4489948530,Female,WAUXD68D22A036778,true,motor
531,Danila,Stendell,LR3,Land Rover,2008,9659403704,Female,19UUA8F79DA018970,false,steering
532,Jolyn,Marrington,RX,Lexus,2001,0389392693,Female,2G61N5S33F9240283,true,bodywork
533,Elyssa,Revan,Lucerne,Buick,2011,5785605422,Female,WBSDE93402C110983,false,motor
534,Don,Jerke,S-Class,Mercedes-Benz,2006,2439395374,Male,WAULFAFRXDA255078,true,steering
535,Sile,Semiraz,Elantra,Hyundai,2006,4938949946,Female,1C3CDZAB1DN807582,true,steering
536,Joleen,Gunnell,Colorado,Chevrolet,2004,7392013254,Female,5GAKVBED6BJ862834,true,steering
537,Lorens,Causey,CLK-Class,Mercedes-Benz,1998,8187599030,Male,YV4952BL2E1078001,false,steering
538,Sanson,Burley,Patriot,Jeep,2007,6468424003,Male,3C6JD6EP4CG959913,false,steering
539,Talbot,Nuttey,Mirage,Mitsubishi,1984,1083509217,Male,WBSDX9C5XBE183141,false,bodywork
540,Maighdiln,Stead,Dakota Club,Dodge,1998,7732197666,Female,3N1CN7APXDL324006,false,motor
541,Ivonne,Speere,Metro,Geo,1992,4779775299,Female,5BZAF0AA3EN816348,false,steering
542,Gareth,Kiernan,S2000,Honda,2007,3889568238,Male,WAUKH78E26A052207,false,motor
543,Darrell,Chown,Canyon,GMC,2006,6575001122,Male,JH4CL95926C121425,false,motor
544,Josias,Sievewright,M-Class,Mercedes-Benz,2007,4170388046,Male,WP0CA2A88AS309327,false,steering
545,Mack,Abys,6000,Pontiac,1991,5238471637,Male,1G6KD57Y37U347706,true,steering
546,Teresita,Gaspar,Prius,Toyota,2012,3845696214,Female,19XFA1E59BE359505,true,motor
547,Fritz,Worboy,Escalade,Cadillac,2009,0954251040,Male,WAUBFAFL2BN184794,false,steering
548,Brigitte,Hourigan,Avalanche 2500,Chevrolet,2003,0268418373,Female,JTDBT4K34B1928924,false,motor
549,Feodora,Stivers,C70,Volvo,1998,3444426054,Female,2T1KU4EE3DC396204,true,motor
550,Grantham,Bukowski,911,Porsche,1996,8707178700,Male,5TDDK3DC7DS184731,true,bodywork
551,Renaud,Nucci,GT-R,Nissan,2013,6417201937,Male,3VW4T7AT7DM490317,true,steering
552,Wesley,Woolcocks,Escalade,Cadillac,2011,1035605872,Male,WAUKFBFL1BN808025,true,steering
553,Mile,Grishmanov,Voyager,Plymouth,1997,4487120632,Male,1GYS4FEJ6BR586097,false,steering
554,Eberhard,De Lacey,Grand Vitara,Suzuki,2011,7259955813,Male,WAUMF98K89N455623,false,motor
555,Horatia,Swatridge,MX-5,Mazda,2001,6196264737,Female,WBAYB6C54DD521998,true,motor
556,Anastasia,Ranson,LX,Lexus,2001,9336602829,Female,WUADU78E18N801410,true,steering
557,Olin,Poller,Pilot,Honda,2011,0344033139,Male,1GYUKBEF3AR430407,true,steering
558,Fidelity,Wimpenny,Trans Sport,Pontiac,1999,0722349831,Female,WDDGF4HB9ER964292,true,motor
559,Nappie,O'Gavin,Liberty,Jeep,2007,8049278484,Male,3C4PDDDGXFT647275,false,steering
560,Jewell,Etchells,Bonneville,Pontiac,1994,3833102500,Female,5NPDH4AE2DH402994,false,motor
561,Nickie,Randlesome,G-Class,Mercedes-Benz,2004,8390514990,Male,WAUML54B62N288837,false,motor
562,Thurston,Shorto,Bonneville,Pontiac,1991,7573340494,Male,JTHBE5C29D5524467,false,motor
563,Hy,Dalwood,xD,Scion,2011,9493166848,Male,5UXFA13596L759918,false,bodywork
564,Frankie,Leyburn,Tiburon,Hyundai,2000,4191842536,Male,WDDGF4HB5DA177787,false,motor
565,Blanca,Vivash,A4,Audi,1997,6479769015,Female,5GAKVDED2CJ203372,true,steering
566,Bar,Maliphant,9-3,Saab,2010,0559851170,Male,WBA3T7C51F5679550,false,bodywork
567,Marianna,Rigolle,Suburban 1500,Chevrolet,1993,7189834915,Female,KNAFT4A25D5922066,true,steering
568,Morse,Henker,200,Audi,1989,5621753046,Male,1G6KD57Y16U409330,true,motor
569,Virginia,Hazell,Mustang,Ford,1984,3729116312,Female,WAUAFAFL8AA248340,false,steering
570,Beryl,Steen,Escalade,Cadillac,2000,2575958520,Female,SCBDP3ZA1AC241093,false,motor
571,Jayme,Pikett,Pilot,Honda,2010,2285248474,Female,2LMDJ6JK4DB592475,false,steering
572,Marys,De Giorgi,XC70,Volvo,2007,6295231489,Female,WBXPC93447W569985,true,bodywork
573,Ysabel,Gristhwaite,Grand Prix,Pontiac,2008,3908440475,Female,1C3CDFAA0FD579539,false,bodywork
574,Arin,Yegorkov,M6,BMW,2007,9198061011,Male,WA1CMAFE1BD826985,false,motor
575,Pren,Newvell,GTI,Volkswagen,1985,6764088608,Male,4JGBB9FB1AA490701,true,steering
576,Tannie,Vassel,Eos,Volkswagen,2012,8028909442,Male,YV4952CF8E1053970,false,motor
577,Huntington,Byneth,Defender 90,Land Rover,1995,7173734509,Male,KNDJN2A29E7715990,true,motor
578,Andrei,Spellman,Passat,Volkswagen,2004,8387650846,Female,WBAYE8C58ED400007,true,steering
579,Dacie,Caras,Century,Buick,1987,2000109403,Female,5N1AA0NE0FN319881,true,motor
580,Beaufort,Paish,900,Saab,1991,5874610014,Male,3N1CN7AP9FL942887,true,steering
581,Selma,Streat,LHS,Chrysler,1996,5805278529,Female,WAUNF78P37A286930,false,motor
582,Mose,Camilletti,Expedition EL,Ford,2011,7201940058,Male,JTHDU1EF0B5953935,false,bodywork
583,Erda,Crudgington,Routan,Volkswagen,2010,6916712155,Female,JTHBE1BL9E5682358,false,motor
584,Wolfgang,Foxhall,Premier,Eagle,1992,5197270837,Male,WAUPFAFM3BA100861,true,bodywork
585,Irma,Filippucci,4000,Audi,1987,5623193390,Female,1D7RW2GK6AS971301,true,bodywork
586,Annora,Moden,Justy,Subaru,1994,6475434205,Female,WBAKB4C59CC662323,false,motor
587,Hill,OIlier,H2,Hummer,2004,2270391675,Male,4T1BF1FKXEU046758,true,motor
588,Fielding,Leven,Pathfinder,Nissan,1994,7124661668,Male,JN1CV6EK9BM215600,true,motor
589,Marena,Saltman,Cooper,MINI,2012,2590413580,Female,WAUKFBFL5EA799776,false,bodywork
590,Rozalie,Loveitt,Titan,Nissan,2010,7186394728,Female,SAJWA0FAXAH163122,false,motor
591,Esmaria,Crasswell,MX-5,Mazda,2005,3435905654,Female,WA1EFCFS8FR811655,false,motor
592,Amara,Smallthwaite,Aveo,Chevrolet,2004,9246301226,Female,WAUMGAFL4AA646669,true,motor
593,Julietta,Maffi,Grand Prix,Pontiac,1962,6634347794,Female,1N4AA5AP6BC271386,false,motor
594,Donnamarie,Blazewicz,Q5,Audi,2012,8604424598,Female,19UUA65514A725257,true,steering
595,Ailsun,Gosford,Ion,Saturn,2003,4852316333,Female,5TDBM5G19CS390655,true,bodywork
596,Pris,MacKibbon,Bronco,Ford,1987,3179911204,Female,WAUSH98E57A534277,false,steering
597,Blinnie,Pellissier,F250,Ford,1998,2615896571,Female,WAUEFAFL8BA653181,true,bodywork
598,Emilee,Ellen,Mirage,Mitsubishi,1993,5186090158,Female,WAU4FAFRXBA447716,true,steering
599,Othella,Chung,Cooper Clubman,MINI,2009,6428510812,Female,3GYFNGEY5AS232987,false,steering
600,Rogerio,Garnsworth,Camry,Toyota,2000,5798553442,Male,1FA6P0H77F5242194,false,bodywork
601,Brenn,Loachhead,Corvette,Chevrolet,1964,4124627246,Female,WBA3D5C50FK629533,true,bodywork
602,Faulkner,Paver,Accord,Honda,1989,0981341217,Male,1D4PU4GK9BW650336,false,steering
603,Mercie,Piggott,Exige,Lotus,2004,4959946210,Female,5NPEB4AC9EH062412,true,motor
604,Zenia,Tommis,Passat,Volkswagen,1991,6822515968,Female,WBAYF4C56DD656036,true,motor
605,Zulema,Acomb,Jetta,Volkswagen,1989,5674374783,Female,WAUWFAFR1DA052612,false,steering
606,Hayward,Gravett,Riviera,Buick,1996,9371055685,Male,KMHHT6KD3EU541567,true,bodywork
607,Carlye,Cruikshanks,Corolla,Toyota,2007,4037656906,Female,WAUGFBFC1DN226869,true,motor
608,Tania,Hancill,A6,Audi,2006,1956934138,Female,5FNYF3H28EB511862,false,motor
609,Dorry,Lyne,F-Series,Ford,2003,3914139579,Female,1N6AD0CW2FN680484,true,bodywork
610,Dory,O'Cooney,4Runner,Toyota,2011,1378422309,Female,JH4KC1F39EC942124,false,motor
611,Vera,Batters,Outback,Subaru,2000,8599132040,Female,5GADT13S752210135,false,bodywork
612,Smitty,Currey,Rally Wagon G2500,GMC,1995,4610374951,Male,WAUFL54DX1N890956,true,steering
613,Krysta,Loker,Q7,Audi,2010,8119861280,Female,KNDJN2A20E7213126,false,bodywork
614,Sumner,Jandac,Regal,Buick,2004,0875837956,Male,WAURD68D72A161901,true,motor
615,Ethelin,Bush,TT,Audi,2008,8588260441,Female,1N6AF0LY4FN103726,false,steering
616,Gus,Trustram,Grand Prix,Pontiac,1991,0908700334,Male,WA1WMAFE4FD589475,true,bodywork
617,Glynnis,Vickar,Nitro,Dodge,2007,1369914156,Female,5GAKRAED2BJ041888,false,bodywork
618,Lauree,Studde,DB9,Aston Martin,2006,0085731242,Female,1G4GB5GR1FF364987,false,steering
619,Tyrus,Volke,Prizm,Chevrolet,2001,0797070281,Male,JN8AZ1MU8DW300017,false,bodywork
620,Fax,Greed,H1,Hummer,1996,4095093781,Male,JN8AS5MT8AW281080,true,bodywork
621,Jacquelin,Swaine,Escort ZX2,Ford,2003,1649616694,Female,SCFAD01E19G688146,false,bodywork
622,Audi,Capineer,Grand Cherokee,Jeep,2009,1351852760,Female,5N1AN0NW8EN985379,false,steering
623,Cissy,Dilkes,GTI,Volkswagen,1991,4253958605,Female,1G4HR54K52U308919,true,steering
624,Kass,Jurkowski,Windstar,Ford,1998,2946202615,Female,1G6DU57V890223763,false,motor
625,Marlowe,Michin,Cooper,MINI,2005,3028281759,Male,1G6DK8EV6A0117097,true,motor
626,Kamillah,Gregorace,Avalanche 2500,Chevrolet,2006,6128455956,Female,3D4PH7FG3BT848497,false,steering
627,Man,Enrrico,Maxima,Nissan,1998,0295312807,Male,WUARL48H06K176465,true,bodywork
628,Trude,Schaffler,X5,BMW,2008,8551268481,Female,5FRYD4H89EB455302,true,steering
629,Hilliard,Readman,New Beetle,Volkswagen,2006,1809663091,Male,NM0AE8F72F1843674,true,motor
630,Bonnie,Doumerc,Avalon,Toyota,1996,2501262573,Female,1G6AB5SX8D0711024,true,bodywork
631,Pennie,Fevier,F-Series,Ford,2005,3482320217,Male,WAUCD54B74N571226,true,bodywork
632,Alyosha,Woodsford,SRX,Cadillac,2011,6630264347,Male,5J8TB1H50CA389915,false,bodywork
633,Adaline,Crossley,164,Alfa Romeo,1992,0771668287,Female,1FTNX2A58AE953337,true,steering
634,Rabbi,Leglise,Suburban 1500,GMC,1993,2730587543,Male,WBAPM5C55BF048159,false,bodywork
635,Humbert,Dottridge,Tempo,Ford,1991,7832494735,Male,2C3CCABG6CH690183,true,bodywork
636,Nessy,Falloon,Lucerne,Buick,2011,9315496973,Female,SCBBP9ZA6BC718578,false,steering
637,Darrin,Kefford,Vitara,Suzuki,2000,0532611551,Male,5BZBF0AA6FN217658,false,motor
638,Berkly,Hambly,I,Infiniti,2004,6734463044,Male,KMHGH4JF6BU143852,true,bodywork
639,Sam,Remer,3500,Ram,2012,6635729798,Male,JH4DC54832C803620,false,steering
640,Leonardo,Pindar,458 Italia,Ferrari,2012,4912338753,Male,2G4GV5GV9D9776360,true,motor
641,Janaye,Worswick,C8,Spyker,2006,4450806034,Female,1G6KE57Y05U662411,true,steering
642,Nevile,Tangye,Explorer Sport,Ford,2001,1634620429,Male,3D7TT2CT9BG876138,true,steering
643,Quentin,Ronchetti,Mustang,Ford,1979,7829344124,Female,WA1VGBFP6EA237475,false,bodywork
644,Turner,Hatrick,Sonoma,GMC,2000,4054051006,Male,ML32A3HJ5EH647719,true,bodywork
645,Carmella,Spinley,370Z,Nissan,2012,2855625858,Female,WA1VMBFE6CD776309,true,motor
646,Luisa,Simak,Venture,Chevrolet,1999,3014141887,Female,JTJBC1BAXE2221366,false,bodywork
647,Lynette,Verchambre,Vantage,Aston Martin,2006,2596109042,Female,3D7TT2CT1AG240604,false,motor
648,Elliott,Sautter,5000S,Audi,1985,0320709582,Male,2C3CA9CT1AH838494,true,bodywork
649,Will,Yaknov,M,Infiniti,2006,7136802857,Male,1G6AB1R36F0119958,true,bodywork
650,Bree,Swalwel,Titan,Nissan,2009,4724064099,Female,1G6DE5E5XC0292316,false,motor
651,Camella,Bembridge,525,BMW,2004,4524120246,Female,WBANU5C55AB198284,false,steering
652,Justin,Haryngton,Ram Van 2500,Dodge,2002,0920104614,Male,SCBCP73W18C397698,false,bodywork
653,Lory,Lanegran,Galant,Mitsubishi,2011,0585906807,Female,1GYS3DEF2BR658674,false,bodywork
654,Alison,Ferminger,Yukon XL 1500,GMC,2011,9659099649,Female,3C63D3ML0CG794867,false,motor
655,Jaimie,Fleury,S6,Audi,2002,3354343443,Female,2G4WF551211254589,true,steering
656,Gayelord,Cahen,Mazda5,Mazda,2009,6802314061,Male,3D73Y3HL1BG621872,false,motor
657,Ruthi,Iglesias,Town Car,Lincoln,1988,2187087158,Female,WBAAN374X1N032648,true,motor
658,Shanna,Coenraets,Expedition,Ford,1999,8996036870,Female,3VW4A7AT9CM172915,true,motor
659,Winnifred,Corthes,JUKE,Nissan,2011,3664194969,Female,SCFFDAAE9CG315181,false,bodywork
660,Andrey,Norgate,Tracker,Chevrolet,2003,1825963940,Male,JH4CL95895C213184,true,motor
661,Mallory,MacKay,Space,Isuzu,1992,5100788437,Female,SCFFBCBD2AG973879,false,motor
662,Minor,Dat,Rockette,Fairthorpe,1960,8386364904,Male,WAUJFAFH8CN733150,false,bodywork
663,Denny,Cremen,Regency,Oldsmobile,1997,5364563359,Male,1FADP5CU2EL604685,true,bodywork
664,Winn,Giblett,Swift,Suzuki,2005,4197310935,Male,WAUFL44D12N453326,true,motor
665,Arlena,Sawrey,Ram 3500,Dodge,2005,6068361713,Female,WBAWV1C52AP537435,false,motor
666,Loren,Abley,FX,Infiniti,2009,9175880334,Female,WAUJFAFH6DN037520,true,steering
667,Dinnie,Carwardine,Viper RT/10,Dodge,1994,1424770610,Female,1GYFK532X9R054813,false,motor
668,Elaine,Hise,S-Class,Mercedes-Benz,2010,6826507293,Female,JN8AE2KP3B9759644,false,bodywork
669,Lorens,MacAleese,Titan,Nissan,2006,4944356536,Male,SCFEBBAC0AG571549,true,motor
670,Vernor,Crayton,C8 Laviolette,Spyker,2004,5461062520,Male,WAUVT58E35A999528,false,bodywork
671,Jewell,Brazur,Silverado 1500,Chevrolet,2002,2042750123,Female,WVWAA7AJ4CW924847,true,bodywork
672,Tisha,Doumenc,Camry,Toyota,1998,3711120814,Female,1G6KS54YX3U815015,true,steering
673,Marcia,Lawtey,L-Series,Saturn,2003,2559414511,Female,JN1CV6FE7EM244008,true,bodywork
674,Patten,Simao,Yukon,GMC,2005,6643869455,Male,SALVE2BG4FH987797,true,steering
675,Aldon,Perrottet,Suburban 2500,Chevrolet,2010,4956784694,Male,WA1AY94L27D628273,false,steering
676,Emera,Skeldon,RAV4,Toyota,1996,8788081443,Female,3VWKX7AJ8CM980676,true,motor
677,Marybelle,Crighton,V70,Volvo,2005,1110842287,Female,4USBT33544L895760,false,bodywork
678,Kerrill,Fruchter,Continental GTC,Bentley,2009,2978362871,Female,5N1AN0NWXDN199372,false,motor
679,Hally,Beincken,Storm,Geo,1993,4890910816,Female,1G6KD57YX5U248877,false,bodywork
680,Patric,Jecks,Silverado 3500,Chevrolet,2002,0868617946,Male,1FAHP2DWXCG355929,false,steering
681,Thatcher,Readings,57,Maybach,2011,1846424313,Male,WBAPH7G57AN704084,true,steering
682,Tades,Bedder,Corvette,Chevrolet,1998,9674159045,Male,JTHDU1EF0A5031017,false,bodywork
683,Kermy,Schultze,M5,BMW,2001,5215611734,Male,1G6AR5SX2F0408383,true,steering
684,Rubin,Boggis,XC70,Volvo,2011,4498632885,Male,1G6DX67D380564040,true,motor
685,Hamish,McNamee,Stratus,Dodge,2003,1448268672,Male,1N6AF0KXXFN774472,true,motor
686,Hildagard,Crank,300,Chrysler,1999,9195010661,Female,SALFR2BG1EH861565,false,motor
687,Emmet,Dunseath,3500,Ram,2011,5779254850,Male,3GYEK62897G674556,true,bodywork
688,Cherrita,Sigward,Tredia,Mitsubishi,1987,3932723783,Female,WAUGL98E86A687447,true,motor
689,Mariquilla,Botha,GT500,Ford,2008,9321750355,Female,3VW467AT0DM566807,true,bodywork
690,Pietra,Dansey,Avanti,Studebaker,1962,2301436918,Female,JH4KB16608C792650,false,steering
691,Helli,Brocklesby,Cavalier,Chevrolet,1998,3685815628,Female,1G4GG5G34DF969693,false,motor
692,Chico,Linner,Mustang,Ford,2011,4800918251,Male,JTDJTUD31DD699466,false,motor
693,Rubina,Olivie,Excursion,Ford,2002,9278310719,Female,1GT01XEG6FZ829851,false,motor
694,Frances,Volks,Explorer,Ford,2010,1467038458,Female,19UUB2F59FA221062,true,steering
695,Issie,Breyt,Town & Country,Chrysler,1995,2449348514,Female,WAUGGBFC0CN592026,true,bodywork
696,Fanchon,Jacquemot,Focus,Ford,2010,9572682016,Female,5J8TB4H56EL792662,true,bodywork
697,Thorpe,Paterno,Skylark,Buick,1988,0511741065,Male,5FRYD3H68EB813014,true,steering
698,Penny,Kirmond,V70,Volvo,1999,1021355143,Male,3VW1K7AJ5DM883401,true,motor
699,Delmor,Pask,Celica,Toyota,1993,2036325130,Male,WBANN73587B133138,true,motor
700,Emery,Mantram,4Runner,Toyota,2000,6307714158,Male,1G4HJ5EM1AU759464,true,motor
701,Marcelline,Bonifas,DeVille,Cadillac,2004,8428633673,Female,1G6DM577180409774,true,bodywork
702,Calley,Luto,Viper,Dodge,1993,9150119281,Female,5N1AA0NCXBN081157,true,bodywork
703,Ingra,Halpin,Sigma,Mitsubishi,1990,5686325308,Male,WAURVAFA2AN286336,false,steering
704,Koral,Tireman,RVR,Mitsubishi,1993,7600274671,Female,WVGAV7AX2BW296953,false,bodywork
705,Sergio,Coppenhall,Navigator L,Lincoln,2007,3064688588,Male,WP1AE2A24FL361090,false,bodywork
706,Arlyne,Kester,Sonic,Chevrolet,2012,2905296135,Female,5N1AN0NWXEN900431,false,bodywork
707,Heindrick,Mariault,Esprit,Lotus,1999,7734458939,Male,5GAEV13D09J231064,false,steering
708,Trevor,Maciak,190E,Mercedes-Benz,1993,1875410503,Male,5J6TF1H32FL686530,true,bodywork
709,Alano,Pilipyak,Courier,Ford,1987,3608609563,Male,1G6YV36A175941981,true,bodywork
710,Kristyn,Feaveer,Achieva,Oldsmobile,1997,8015038766,Female,SCFAB02A56G538831,false,steering
711,Sayres,Rolfi,G,Infiniti,2008,9045803097,Male,KMHTC6AD3CU879477,false,bodywork
712,Hansiain,De Bruin,SL-Class,Mercedes-Benz,1997,9278842494,Male,5J8TB18257A331617,false,motor
713,Orelia,Moxson,RAV4,Toyota,2008,6829083966,Female,5NPDH4AE7DH260724,false,bodywork
714,Desiree,Slowley,Bronco,Ford,1995,1387680854,Female,3GYFNDEY9AS153689,true,motor
715,Amble,Ferras,323,Mazda,1993,5278926996,Male,1GD12ZCG5BF059746,true,bodywork
716,Tania,Beetlestone,TL,Acura,1996,7734246710,Female,WAUBGAFB0AN572688,true,motor
717,Goldia,Magnar,Mighty Max Macro,Mitsubishi,1992,3939462330,Female,WAU4GBFB4AN230417,false,bodywork
718,Klaus,Ertel,i-350,Isuzu,2006,3439735931,Male,3C6LD5AT5CG262868,false,steering
719,Tersina,Caldera,MR2,Toyota,2000,1730447414,Female,1GKS2FFJ2BR810545,false,bodywork
720,Regan,Scaddon,Millenia,Mazda,2001,5448791441,Male,3N1AB7AP2FL589960,true,bodywork
721,Derrick,Jackman,Spirit,Dodge,1992,3729035355,Male,2T1BURHE5EC342588,true,bodywork
722,Arline,Rojel,Stealth,Dodge,1993,3166095020,Female,1VWAP7A32EC622846,false,motor
723,Philly,Itzkovsky,Econoline E250,Ford,1998,2539383823,Female,WA1C8AFP2DA568907,false,bodywork
724,Winfred,Whelpdale,GTO,Mitsubishi,1994,9426521100,Male,3VWML7AJ8EM748960,true,bodywork
725,Marcus,Copper,GTI,Volkswagen,1991,3554503169,Male,SAJWA1CB0CL258212,false,motor
726,Donni,Bartlomiejczyk,Eldorado,Cadillac,2001,3654510469,Female,2G61U5S37D9862823,false,motor
727,Hastie,Chaplyn,Monte Carlo,Chevrolet,1995,6002285741,Male,JN1CV6EK1CM304384,true,bodywork
728,Shea,Dict,Dakota Club,Dodge,1993,4147292860,Male,KMHGN4JE4FU923659,false,bodywork
729,Vassily,Giacobelli,Grand Prix,Pontiac,1962,4549878096,Male,1GKUKGEJ1AR117027,true,motor
730,Hildagarde,Attewill,Explorer Sport Trac,Ford,2002,9485753098,Female,WAUJC58E85A804604,true,steering
731,Lara,Bussen,900,Saab,1996,9780252630,Female,1D7RW2BK4BS895490,true,motor
732,Murdock,McChesney,Bonneville,Pontiac,1989,9167077552,Male,3N1AB6AP0BL864259,false,steering
733,Frederigo,Maddinon,Celica,Toyota,1978,4272203231,Male,5NPDH4AE1DH363704,false,bodywork
734,Meggy,Basire,Savana 3500,GMC,2008,9827869957,Female,1C4NJCBA8ED063129,true,bodywork
735,Gabby,Kyncl,Civic,Honda,2010,5719759344,Male,1C3CCBBB4EN687075,false,bodywork
736,Arch,Usher,Esprit,Lotus,1995,7843403515,Male,WAUDF78E78A409494,false,motor
737,Trumaine,Harbison,Tempo,Ford,1987,3936488088,Male,WP1AA2AP4AL243525,false,motor
738,Bonita,Egan,GTI,Volkswagen,1998,1224640438,Female,WAUMF68P66A401914,false,motor
739,Auberon,Dami,Sunfire,Pontiac,1999,3128830479,Male,WBA3V9C5XFP362392,true,steering
740,Wini,Addyman,Legacy,Subaru,1995,3366247886,Female,JA32X2HU1CU766712,true,bodywork
741,Alicea,Hewlings,Altima,Nissan,2012,2652474863,Female,JH4DC53862C193276,true,motor
742,Sofia,Farres,Sonata,Hyundai,1994,9450133204,Female,WVGAV7AX6FW599515,false,bodywork
743,Pippa,Castelli,Rio,Kia,2005,0080787886,Female,JN1CV6EK4CM555321,false,bodywork
744,Tristam,Zannini,7 Series,BMW,2010,6335787113,Male,5GAEV13758J865558,false,motor
745,Reeba,Ratley,Grand Prix,Pontiac,1983,8457075292,Female,WA1AY94L48D304212,false,motor
746,Derrek,Scorey,Azure,Bentley,2009,7013489263,Male,19UUA66257A441400,true,bodywork
747,Helen-elizabeth,Emerson,Grand Prix,Pontiac,2006,9300889664,Female,JM1NC2PF5F0158264,true,steering
748,Shandy,Bounds,E-Class,Mercedes-Benz,1993,7580691728,Female,JM1DE1KY8D0200111,false,bodywork
749,Sibby,Roux,Taurus,Ford,2009,7386731051,Female,1G6ET12922B620339,true,steering
750,Kristofor,Gebhardt,928,Porsche,1988,9664769185,Male,3VW517AT8FM100001,false,motor
751,Janenna,Hewson,Exige,Lotus,2012,7224470309,Female,19UUA9F22CA156097,true,steering
752,Sallyann,Calbrathe,E-350 Super Duty,Ford,2006,0839541716,Female,5N1AR2MM8FC747920,true,bodywork
753,Roscoe,Boldero,Ram 3500,Dodge,2008,9805542742,Male,1FTSW2A5XAE134691,false,steering
754,Nick,Faircley,X3,BMW,2010,1244440752,Male,WBA3G7C56FK037315,false,motor
755,Teddi,Maile,Thunderbird,Ford,1996,6453657430,Female,1N6AA0CC8CN294243,true,motor
756,Felecia,Alsopp,Focus,Ford,2011,2546495127,Female,1GYS3AEF6DR359237,true,steering
757,Chanda,Gavan,Ion,Saturn,2004,5628394238,Female,2HNYD28298H292970,false,motor
758,Allx,Mitford,S6,Audi,2009,4196550339,Female,1FM5K7B8XEG585589,true,motor
759,Violante,Foystone,Caravan,Dodge,2008,4315955752,Female,WBSDE93452B332876,true,motor
760,Aurore,Formilli,Q,Infiniti,1992,2956718002,Female,WBSKG9C50CE857256,false,motor
761,Clo,Wince,T100,Toyota,1995,0513768661,Female,1FMCU0F76EU155683,false,steering
762,Ivar,Belsey,Matrix,Toyota,2010,2469105838,Male,3VWKP7AJ5DM804153,true,bodywork
763,Brenden,Hullin,Esprit,Lotus,1998,6763028822,Male,1D7RV1CP6AS111722,false,motor
764,Raynor,Sabin,Accord,Honda,2007,8059831577,Male,3GTU1YEJ7BG716892,true,steering
765,Elva,Tredget,Sable,Mercury,1986,7717632284,Female,JTDJTUD32DD442056,true,motor
766,Percy,Basire,Sentra,Nissan,2011,7229553067,Male,JHMZF1D49CS425121,true,steering
767,Derry,Emmins,Grand Marquis,Mercury,1984,5790011357,Male,5GAKRAED9CJ078972,false,bodywork
768,Shepherd,Molson,Dakota,Dodge,1992,7929614689,Male,4A31K5DF3AE601480,false,steering
769,Olly,Stickings,Acclaim,Plymouth,1992,0147937485,Female,WAUR2AFD9DN641588,false,motor
770,Tanhya,Ledingham,G-Series 3500,Chevrolet,1998,9224985653,Female,5TFBM5F12AX611845,true,bodywork
771,Arlin,Thompsett,Quest,Nissan,1997,5839908428,Male,1FTWW3DY9AE068759,true,motor
772,Lyndsay,Ashtonhurst,90,Audi,1988,5631805618,Female,3C6JD7BPXCG510603,false,motor
773,Janene,Baldree,Quattroporte,Maserati,1986,7158314855,Female,WA1YD54BX4N355678,false,steering
774,Erie,Fulford,SJ,Suzuki,1989,2349623572,Male,4T1BF3EK8AU270795,true,motor
775,Christabel,Goodall,Integra,Acura,1998,3259124934,Female,1G6KD57958U829958,false,bodywork
776,Dillie,Dallywater,Regal,Buick,2012,5038512437,Male,1G6DE5EG1A0820338,false,steering
777,Lou,Ricco,Sonata,Hyundai,2013,6262921974,Male,WAUSF78K49N882132,true,motor
778,Norry,Kiloh,Aerostar,Ford,1994,0594582717,Male,JH4KB2F61CC125441,false,steering
779,Sloane,Freak,Suburban 2500,Chevrolet,2005,6700761832,Male,1G6DD67V680305799,true,bodywork
780,Elyse,Kenninghan,Cutlass Cruiser,Oldsmobile,1994,0646935488,Female,WBAYF8C53ED977928,false,steering
781,Sidoney,Hylton,S40,Volvo,2001,4850950450,Female,1G6DH8EY7B0161961,true,steering
782,Clair,Rioch,XG300,Hyundai,2001,1648756514,Male,JHMFA3F22BS798251,false,steering
783,Cora,Helsdon,Odyssey,Honda,2004,2120932727,Female,5XYKT3A1XBG027437,true,steering
784,Holly,Hansford,Impreza,Subaru,1996,1940234964,Male,2C3CCABG3DH231212,false,steering
785,Meris,Adamovicz,XK,Jaguar,2006,1825399786,Female,WAUFFAFM0CA328412,false,steering
786,Nicola,Tritton,Beretta,Chevrolet,1995,2423997116,Male,JN8AS5MT9DW145996,false,bodywork
787,Bethanne,Marns,Versa,Nissan,2012,3930664208,Female,SAJWA0FS6FP797324,false,bodywork
788,Harold,Mallinder,Grand Prix,Pontiac,1986,8800031250,Male,3D7TP2CT8BG391140,true,motor
789,Alla,Deny,F250,Ford,2003,0257090134,Female,WBA3N5C59FK682776,true,steering
790,Tad,Whitlam,Cobalt,Chevrolet,2007,6427800264,Male,WAUEFAFL7CN493840,false,steering
791,Spenser,Yesinov,Arnage,Bentley,2005,3256303358,Male,WBALM7C50DE955775,true,motor
792,Missy,Prester,Trooper,Isuzu,1997,7275480751,Female,ZFF75VFA2F0276123,true,bodywork
793,Skyler,Gyurko,PT Cruiser,Chrysler,2007,4493027037,Male,WDDHF7GB5EB785795,true,steering
794,Loydie,Spurgin,Pajero,Mitsubishi,1992,5589200784,Male,1GYFK362X9R036568,true,bodywork
795,Dave,Bullough,Malibu,Chevrolet,2010,8368354625,Male,WVWED7AJ5DW088427,true,steering
796,Estevan,Ruseworth,Outlander,Mitsubishi,2008,5573316907,Male,1GYS3PKJ0FR934155,true,motor
797,Jennifer,Cissen,E250,Ford,2003,2019282658,Female,WAUEV74F37N994359,false,steering
798,Wilma,Scotting,Elantra,Hyundai,1997,6408741134,Female,5N1BA0NC2FN324955,false,motor
799,Dolly,Andrin,Hombre Space,Isuzu,2000,0570997038,Female,1G4CW54K044002295,false,steering
800,Polly,Luck,Sentra,Nissan,1998,8422125161,Female,WAUUL78E28A584731,false,steering
801,Paige,Sharpus,IPL G,Infiniti,2011,4294370963,Male,WAUEH48H87K272288,true,steering
802,Hamil,Lau,M3,BMW,2006,3062148578,Male,1N6AD0CUXDN336610,false,steering
803,Clareta,Jouen,Yukon,GMC,2008,3508939529,Female,JTHCL5EF0F5446917,true,motor
804,Shoshanna,D'Aeth,S4,Audi,1993,0275726118,Female,1D7RE3BK6AS267244,true,motor
805,Ev,Jeanequin,G37,Infiniti,2008,5150092045,Male,5GADT13S762699444,false,motor
806,Lynelle,Gorler,Grand Prix,Pontiac,1970,6975947961,Female,1FTSW3A52AE759771,true,bodywork
807,Caryl,Sharland,Range Rover,Land Rover,2003,5974740238,Male,WA1LGBFE0BD608257,true,motor
808,Caye,Gladeche,VUE,Saturn,2006,4240623618,Female,WBAYF4C56FD906135,true,bodywork
809,Booth,Robinett,Mustang,Ford,1999,4918353630,Male,JN8AZ2KR0BT327344,false,motor
810,Annice,Azam,Montero,Mitsubishi,2002,0419887350,Female,JN1CV6AP6AM118869,false,bodywork
811,Lavinie,Denver,GTI,Volkswagen,2011,1080145664,Female,1N4AL2AP5BN441900,false,motor
812,Pail,Danby,XK Series,Jaguar,1997,7621922974,Male,WVWDB7AJ2EW493826,true,bodywork
813,Kyle,Mynett,M5,BMW,2003,0141397225,Male,1G6AB5SX0F0531376,false,bodywork
814,Uriel,Jerzyk,S-Class,Mercedes-Benz,2003,5580046227,Male,WAUAF78E05A480843,false,motor
815,Worthy,Lowne,Mazda2,Mazda,2011,8196398557,Male,JN8AF5MV1FT489820,false,bodywork
816,Quinlan,Euesden,EX,Infiniti,2010,2408397413,Male,WAUVT58E73A595547,false,motor
817,Peter,Ibbitt,H1,Hummer,2002,7894811688,Male,WA1WMAFE1ED612712,false,bodywork
818,Johanna,De Bruyn,Colorado,Chevrolet,2011,5523802271,Female,WAUED64B91N099914,false,bodywork
819,Verina,Pittaway,RL,Acura,2010,7673431548,Female,JH4DC53003S885289,false,motor
820,Galina,Brunet,Achieva,Oldsmobile,1992,8764988775,Female,3D73Y3CL8BG485263,true,bodywork
821,Sheeree,St Ledger,Town Car,Lincoln,2010,8794449783,Female,WAUSF98K29A285189,false,bodywork
822,Lacee,Ballance,GLK-Class,Mercedes-Benz,2011,2484862717,Female,3D73M4EL9BG324323,true,motor
823,Aylmar,Churn,XL-7,Suzuki,2004,2974695442,Male,WA1AM94L39D502745,true,motor
824,Olivette,Scrowston,Fiero,Pontiac,1985,7518922509,Female,JN8CS1MU5FM846608,false,motor
825,Culley,Rubee,Maxima,Nissan,1993,5638483837,Male,1G6AY5S30E0791867,true,steering
826,Arron,Akred,300SD,Mercedes-Benz,1992,6249170332,Male,3VWKX8AJ7BM806571,false,bodywork
827,Van,Cumberpatch,QX,Infiniti,2007,0412690756,Female,WBA3D5C55EF879891,false,steering
828,Alvan,Matthensen,Tiburon,Hyundai,2005,0406127360,Male,JTEBU4BFXEK323002,false,bodywork
829,Yoko,Kiggel,Cabriolet,Volkswagen,1985,6516087334,Female,5TDBK3EH8CS350416,true,bodywork
830,Natalee,Adolfsen,Mazda3,Mazda,2007,4962221485,Female,4F2CY0C75BK702840,false,steering
831,Orly,Ion,S-Type,Jaguar,2005,1163805491,Female,19XFB4F22FE315810,false,motor
832,Silas,Standbrook,CLK-Class,Mercedes-Benz,2004,8109768903,Male,1ZVBP8AM0B5912053,true,bodywork
833,Dominic,Creboe,Century,Buick,1997,2168649707,Male,WA1CGAFP6FA070778,true,motor
834,Alyosha,Furst,Tercel,Toyota,1995,7457586628,Male,WAUML64B63N409132,true,motor
835,Sapphira,Leggett,Lynx,Mercury,1987,2695240430,Female,1FADP3E29DL001683,false,steering
836,Ashia,McSporrin,Sportvan G20,Chevrolet,1992,7012315962,Female,SCFEBBEL9DG886431,true,motor
837,Ericka,Marcam,Camaro,Chevrolet,1994,6028650579,Female,19XFB2E53DE355388,true,bodywork
838,Dennie,Truckett,XLR-V,Cadillac,2009,1156475406,Male,1B3CC5FB7AN791451,true,motor
839,Bondon,Tresise,Brooklands,Bentley,2009,5577917573,Male,WA1EV74L38D696212,false,steering
840,Erinna,Justis,Galaxie,Ford,1964,9192904025,Female,SCBBP9ZA9AC569968,false,steering
841,Clemens,Janowicz,Ram Van 2500,Dodge,1999,9002148259,Male,KNDJT2A20D7700685,false,motor
842,Drud,Dickson,F350,Ford,2008,8379217640,Male,JH4CL96907C947271,true,bodywork
843,Wheeler,McColley,Tribute,Mazda,2003,5132010334,Male,SCBZK25E83C894451,false,bodywork
844,Graeme,Coldicott,E250,Ford,2012,7777761323,Male,3C3CFFDR6ET890252,true,steering
845,Gregory,Perazzo,4000,Audi,1987,7582644557,Male,SCFFDCCD1BG933237,true,steering
846,Stevana,Corbert,Astro,Chevrolet,1999,4156708160,Female,WA1WKBFP3AA634056,false,bodywork
847,Mead,Serrier,Entourage,Hyundai,2009,9832853702,Male,JH4CU4F40AC757661,true,motor
848,Penny,Threadgold,Express 3500,Chevrolet,2002,0870611976,Female,5UXFF03549L728771,false,motor
849,Jodi,Beneteau,Aurora,Oldsmobile,1999,5883744567,Male,1D7RV1CP7BS713630,true,motor
850,Cathrin,Giannazzi,7 Series,BMW,2002,1365854272,Female,WA1VMAFE1FD965352,false,steering
851,Drud,Adamsen,Eldorado,Cadillac,1994,2684770492,Male,3C3CFFFH4DT590227,false,bodywork
852,Rik,Poznan,Grand Prix,Pontiac,1968,5049472504,Male,JN1BY1AR1EM138606,true,bodywork
853,Adrian,Pierce,Range Rover,Land Rover,2006,6387427754,Male,JTDKDTB30D1503694,false,steering
854,Ursa,Leibold,Grand Vitara,Suzuki,2012,6655110173,Female,JTEBU5JR3D5930941,false,bodywork
855,Jane,Dulson,Skyhawk,Buick,1986,8757462917,Female,WAUKF68E55A500311,true,bodywork
856,Tarrance,Wicher,V8,Audi,1991,4222958921,Male,WBSBL93444P568261,false,motor
857,Elvina,Gut,Elantra,Hyundai,1996,5382064253,Female,5UXFH0C52AL275782,true,motor
858,Peggie,Pitman,F350,Ford,2002,0955344565,Female,WA1WKAFP5CA022437,true,steering
859,Farr,Ringwood,Malibu,Chevrolet,1997,0315954124,Male,JH4DC53806S358380,true,motor
860,Ulrika,Lilley,Galant,Mitsubishi,2012,3060151601,Female,WBAFA53571L810749,true,steering
861,Luella,Poles,Sable,Mercury,1999,3329203250,Female,1G6AH5SX6D0820502,false,steering
862,Phillie,Belli,G-Series 1500,Chevrolet,1997,7355626264,Female,5UXZV8C58D0127145,false,bodywork
863,Amble,Brigshaw,Ram 2500,Dodge,2008,1648899625,Male,2C3CDXGJXFH670866,false,bodywork
864,Damien,Ovenden,2500,GMC,1995,4258658022,Male,WAUSF78K99A176734,true,motor
865,Bendicty,Shackell,MPV,Mazda,2001,8192320634,Male,WA1CKAFP3AA344123,false,bodywork
866,Felicio,Geipel,RAV4,Toyota,2000,6381599286,Male,WBADX1C51CE671384,true,steering
867,Feodora,Muldoon,Tracker,Geo,1995,8360745471,Female,1G6AG1RX9F0087124,false,steering
868,Carling,Fladgate,Paseo,Toyota,1997,4515560174,Male,3GTU1YEJ8DG433050,false,motor
869,Hansiain,Wiggett,GS,Lexus,1994,8908385282,Male,1G6AE5S31D0796034,false,steering
870,Davin,Gerhts,Civic,Honda,2002,8670374102,Male,WBAKX8C59CC518764,false,steering
871,Langston,Sumnall,F350,Ford,2005,6700042437,Male,1FTEW1E85AK500652,true,steering
872,Rab,Tussaine,Cabriolet,Volkswagen,1989,8026500288,Male,3C63DPJL6CG511853,true,steering
873,Denni,Whittenbury,TundraMax,Toyota,2012,3813972593,Female,5UXFA53503L663727,false,bodywork
874,Tod,Mattek,Maxima,Nissan,2001,1623928079,Male,1FTEX1CW3AK542171,false,steering
875,Lanie,Moodycliffe,E-Class,Mercedes-Benz,1992,8525212865,Male,WBAEV33464P088795,false,motor
876,Domini,Thornebarrow,Sonata,Hyundai,2004,7340967125,Female,WBAXG5C59CD918595,true,bodywork
877,Hoebart,De Pero,Integra,Acura,1993,1754130445,Male,3C4PDCDG4CT711185,true,bodywork
878,Austen,Frankes,Rally Wagon 2500,GMC,1993,0940588633,Male,WP0AB2A96BS138236,true,bodywork
879,Gloriane,Barzen,Discovery,Land Rover,2008,8090277268,Female,WAUXG94F09N524355,true,steering
880,Deny,Rigate,Pajero,Mitsubishi,1989,3105875050,Female,3D7TT2CT9BG850364,false,bodywork
881,Any,Bowe,Diamante,Mitsubishi,1992,2565272650,Male,2C3CK6CT6BH793002,true,steering
882,Ally,Deverill,Legacy,Subaru,1998,1798921391,Female,JTHBL5EF9F5085876,true,steering
883,Gigi,Bacop,F150,Ford,2003,2860387358,Female,WAUNF78P98A668106,false,bodywork
884,Darsey,Tummond,Tiburon,Hyundai,2001,8115159298,Female,5GADT13S962063012,true,motor
885,Gaelan,Moxsom,Sonoma,GMC,1997,1123637725,Male,1G6AH5R39F0667507,true,motor
886,Ludovika,Bloom,A8,Audi,2010,3538020450,Female,JM1NC2JF5C0969891,false,bodywork
887,Cynthie,Sendley,Pacifica,Chrysler,2008,5806189058,Female,1C4RJEAG6FC498466,true,bodywork
888,Timi,Sperrett,Metro,Geo,1994,0038117460,Female,WAUVT58E03A058843,false,bodywork
889,Mignonne,Voden,4Runner,Toyota,2010,2926478291,Female,JM3TB2BV4E0643803,true,motor
890,Art,Demelt,riolet,Volkswagen,1992,8793307969,Male,5XYKT3A12CG261170,false,motor
891,Thadeus,Linley,Econoline E350,Ford,1994,9844925142,Male,WAULT54B02N411706,false,bodywork
892,Alister,Downie,Routan,Volkswagen,2012,8707671571,Male,WBAGL63494D600664,true,bodywork
893,Sylas,Kilmister,Citation,Chevrolet,1980,3152784422,Male,2LMHJ5FK2FB188534,false,steering
894,Caryl,Kingsmill,Town & Country,Chrysler,2001,1767465653,Female,1G4GB5ER8CF115181,false,steering
895,Vince,Kemm,S90,Volvo,1997,0196831415,Male,WVWGU7AN6BE980863,false,motor
896,Glendon,Megany,XL-7,Suzuki,2003,9127274322,Male,1VWAH7A30CC374798,true,steering
897,Bibby,Merill,SC,Lexus,1998,4126039244,Female,KNDPB3AC3F7388893,false,bodywork
898,Eugen,Cartmail,Fortwo,Smart,2009,6219952413,Male,WAU3VAFR3BA924145,true,motor
899,Berton,Lamartine,Aero 8,Morgan,2007,9671112854,Male,5FNYF3H26EB931233,false,motor
900,Kippie,Rumford,NSX,Acura,1998,1886555265,Female,1N6AF0LX6EN767175,true,steering
901,Briggs,Corn,GX,Lexus,2004,5804391119,Male,5N1AA0NC8FN020055,true,steering
902,Ganny,Fairest,Nitro,Dodge,2010,3308970848,Male,2C3CCAHG1CH087794,false,bodywork
903,Teddy,Mylchreest,Yukon,GMC,2008,1982349867,Male,JTEBU5JR2C5931139,true,steering
904,Gusty,Pitcock,Thunderbird,Ford,1986,3658571551,Female,SCBZK25E73C926192,false,motor
905,Pietrek,Thaim,Leaf,Nissan,2012,4916294955,Male,1GYS4UKJ4FR873873,false,motor
906,Kippie,Ellett,Capri,Mercury,1986,5456768569,Male,WBAWV5C51AP977301,true,motor
907,Alexander,Hairs,G,Infiniti,2011,7172287592,Male,JN1AZ4EH2EM934079,false,bodywork
908,Chico,Rivalland,Canyon,GMC,2005,6366580510,Male,1FTFW1E86AK655036,true,motor
909,Chicky,Walentynowicz,B-Series Plus,Mazda,1999,0370320816,Male,4USCN53472L368679,false,steering
910,Aubrette,Duckinfield,M-Class,Mercedes-Benz,1999,1862617465,Female,JN8AE2KP5D9578404,false,motor
911,Alden,Evamy,6000,Pontiac,1983,2809562857,Male,5TDDK3DC3ES691241,true,motor
912,Hilliary,Hannay,Mustang,Ford,2003,2770179772,Female,3VW217AU4FM617095,false,steering
913,Jozef,Langforth,Precis,Mitsubishi,1986,1019207795,Male,1GYS3FEJ3DR314337,true,steering
914,Cesar,Harmston,Acadia,GMC,2011,0642454795,Male,1GYS3DEF9BR501868,false,bodywork
915,Darrin,Birchwood,Sentra,Nissan,1998,4663880355,Male,1FTMF1CW5AK106727,false,steering
916,Zeb,Brigstock,Phantom,Rolls-Royce,2008,4885158923,Male,JTDKN3DP4E3319698,true,steering
917,Lucia,Swainston,CLK-Class,Mercedes-Benz,1998,2775851797,Female,1FTEW1CM5EF761715,false,steering
918,Pate,Winmill,S80,Volvo,2002,9542300697,Male,WUARL48H24K042442,true,motor
919,Karyl,Ewan,SC,Lexus,1999,2910147142,Female,2T1BURHE6EC600293,false,bodywork
920,Karlen,Montes,S10 Blazer,Chevrolet,1992,8058612278,Female,WA1WKBFP1AA190255,true,steering
921,Nadia,Armin,GX,Lexus,2005,5326268817,Female,3C63DRJL6CG903436,true,steering
922,Haydon,O'Mahoney,riolet,Audi,1996,7553453560,Male,3GYFK66NX5G008176,true,steering
923,Garrot,Pim,Suburban 2500,Chevrolet,1992,9621546834,Male,1G6AB5R37D0634696,true,steering
924,Vivie,Hendrich,Club Wagon,Ford,1993,8818286609,Female,1FMEU7EE3AU071414,false,bodywork
925,Luciana,Realff,E-Class,Mercedes-Benz,1987,4046062835,Female,1FTEW1CM0EF063626,true,steering
926,Bianca,Mepham,Dakota Club,Dodge,1993,6391032440,Female,19UUA9F24DA390730,true,bodywork
927,Hadleigh,Chittim,Grand Prix,Pontiac,1986,8718467997,Male,WBSBR93463P598844,true,bodywork
928,Kathy,Bidewell,Armada,Nissan,2007,6081558525,Female,3N1AB6APXAL242329,true,motor
929,Alexi,Swepson,HS,Lexus,2011,1321493428,Female,WBAGH034X1D873414,true,steering
930,Talbot,Formby,S4,Audi,2007,4149054835,Male,1C3CDFAA1ED057727,true,bodywork
931,Cletus,Woosnam,NSX,Acura,1998,0697205835,Male,WBXPA93485W103737,false,bodywork
932,Sollie,Pigeon,Swift,Suzuki,1988,2508600628,Male,1GD120EG6BF080324,true,steering
933,Warde,Vispo,Cayman,Porsche,2010,9857078230,Male,WA1WMBFE3BD176236,true,motor
934,Otto,Rochford,Sierra 3500,GMC,2005,5689080942,Male,WDDHF0EB4EB688825,false,motor
935,Miguela,Struthers,Savana 1500,GMC,2008,2733551779,Female,SCBGT3ZA9DC208047,true,motor
936,Vassili,Virgin,Roadmaster,Buick,1994,9412434022,Male,WVWAB7AJ8CW779258,true,motor
937,Bunni,Errichi,Prius,Toyota,2007,6676883937,Female,19UUA65545A410535,true,motor
938,Rodie,Coare,Elantra,Hyundai,2012,2932176862,Female,5GAEV13768J098254,true,steering
939,Elston,Everett,MR2,Toyota,2002,3844765018,Male,3N1CN7AP5FL430561,true,bodywork
940,Powell,Rodliff,Yaris,Toyota,2009,7772542275,Male,JN8AZ2KR5BT156994,false,motor
941,Taryn,McMenamy,L-Series,Saturn,2000,9627815152,Female,19XFA1E33AE279789,true,steering
942,Bonita,Jacques,Jimmy,GMC,1997,8592164435,Female,WBA5A7C53ED113750,true,motor
943,Lizabeth,Cawkill,Suburban 1500,Chevrolet,2003,0996631720,Female,JM1NC2JF0C0696018,false,bodywork
944,Viki,Edie,E-Series,Ford,1995,3021102905,Female,3GYT4NEF5CG474211,true,motor
945,Holli,Bardey,745,BMW,2004,5582861386,Female,1FT7W2A68EE238116,false,steering
946,Valli,Owlner,Town & Country,Chrysler,2002,8925260999,Female,WUAAU34289N033563,false,motor
947,Lucita,Membry,200,Chrysler,2012,5562176009,Female,1N6AA0CAXDN752557,false,steering
948,Anatollo,Cosson,XC70,Volvo,2003,4651183506,Male,5UXKS4C59E0297602,false,steering
949,Rickert,Kilfeather,Legend,Acura,1988,8695834867,Male,JH4CL96964C574426,true,steering
950,Madel,Seldner,Eurovan,Volkswagen,1993,6728045694,Female,WAUDFAFL0DA368800,true,steering
951,Marijo,Gawne,Cabriolet,Volkswagen,1986,6064783370,Female,1N6AA0CJ0FN461360,true,steering
952,Baryram,O'Dowd,Tribute,Mazda,2010,2628701472,Male,3C4PDDDGXET396949,false,bodywork
953,King,Marshland,Passat,Volkswagen,2004,3182925334,Male,WAUVC68E13A265330,false,motor
954,Jervis,Chippindale,Sunbird,Pontiac,1994,5882219469,Male,3GYFK62848G658030,true,steering
955,Ichabod,Wiersma,Century,Buick,1991,1821797035,Male,1VWAH7A33EC772137,false,bodywork
956,Sibby,Sotham,6 Series,BMW,2012,0659044196,Female,1FTWX3B53AE877972,false,steering
957,Kippie,Matussevich,Intrepid,Dodge,2001,7766554852,Female,2HNYB1H41CH979032,true,bodywork
958,Ferrell,Caspell,GL-Class,Mercedes-Benz,2010,8364393677,Male,1FTEX1CM9DK269384,true,motor
959,Joyce,Clampett,3 Series,BMW,2006,4978275482,Female,5J8TB2H54CA475041,true,steering
960,Harrison,Dourin,Aurora,Oldsmobile,1996,6934232836,Male,3VWF17AT9FM115482,false,motor
961,Clari,Le Hucquet,Camry,Toyota,2001,4599761702,Female,19VDE1F30FE895721,false,steering
962,Yettie,Megahey,Traverse,Chevrolet,2012,2167711425,Female,3GYFNGE30FS537177,true,motor
963,Ellis,Donegan,Sierra 3500,GMC,2003,9157600228,Male,1G6DK5EG3A0335238,false,steering
964,Valma,Coll,Suburban,Chevrolet,2009,4653110441,Female,1FTFW1E8XAK225302,false,steering
965,Randi,Bestwerthick,300M,Chrysler,2001,5002201342,Female,5J8TB4H59DL147597,true,steering
966,Westbrooke,MacGall,Equinox,Chevrolet,2007,8875878668,Male,SCBGR3ZA1DC695355,true,motor
967,Joshuah,Tsarovic,Alcyone SVX,Subaru,1993,6955485199,Male,3VW1K7AJ2DM973072,false,bodywork
968,Hy,Davie,New Beetle,Volkswagen,2002,2942771690,Male,19UUA9F78CA271248,true,steering
969,Drugi,Ruddy,Stratus,Dodge,2004,1586103741,Male,1FTMF1EW5AK002025,false,steering
970,Dee,Ciccotto,Rodeo,Isuzu,1994,1548158925,Female,WBAKA83569C376917,false,steering
971,Maurits,Ralfe,Range Rover,Land Rover,2007,9265457570,Male,YV1672MK9A2019501,true,steering
972,Lindsey,Naisey,Cube,Nissan,2010,3905892472,Male,1GT01XEG2FZ430306,true,steering
973,Clyde,Di Biasi,200,Audi,1989,2091378925,Male,5J6TF1H55FL629336,false,steering
974,Lance,Jacson,Transit Connect,Ford,2010,6739281688,Male,5J6TF1H3XBL961037,true,bodywork
975,Terri,Castellet,GTI,Volkswagen,2011,8429797475,Female,1FTEX1EW8AK680561,false,steering
976,Sterling,Philippson,Bonneville,Pontiac,2001,9154915503,Male,KL4CJBSB9FB085643,false,steering
977,Warren,Blunsum,Express 3500,Chevrolet,1998,0783245149,Male,SCFFDCCD3AG483735,true,bodywork
978,Gerome,Addington,Fiero,Pontiac,1985,8705801532,Male,WBAFV3C58ED402852,false,steering
979,Ted,Jewster,Regal,Buick,1995,7069216939,Female,WAULT68E65A031999,false,bodywork
980,Juli,Dowdam,S80,Volvo,2002,8212354563,Female,SCFFDCCD8CG220790,true,motor
981,Carmelia,Baynon,A8,Audi,2002,4464098924,Female,5TDBY5G17DS675490,true,bodywork
982,Ajay,Shelf,A4,Audi,2008,5889796747,Female,SALSF2D45AA844572,false,steering
983,Ambrosius,Vineall,G37,Infiniti,2008,7179890340,Male,5N1CL0MM1EC902255,false,motor
984,Rufe,Dillingston,Colorado,Chevrolet,2010,1118315502,Male,1FTNS1EWXAD378918,false,motor
985,Percy,Morse,Ram Wagon B250,Dodge,1993,0604600534,Male,5FRYD3H20GB970584,false,steering
986,Dorolice,Juanes,Silverado 1500,Chevrolet,2012,0474640612,Female,JN1BJ0HR5EM140430,false,motor
987,Cammy,Ashlee,SC,Lexus,2003,4788603225,Male,WAUVT58E85A156134,false,motor
988,Pren,Beardshall,Brooklands,Bentley,2010,1183174926,Male,1FTMF1E85AK436821,false,motor
989,Dimitry,Bodsworth,Traverse,Chevrolet,2012,0652281915,Male,1G4GA5ER0CF515898,false,bodywork
990,Lu,Keld,Scirocco,Volkswagen,1987,6872585730,Female,1G6AG5RX4F0828139,true,motor
991,Maynard,Ossenna,Mystique,Mercury,1998,3080577647,Male,1VWAS7A31FC937511,false,motor
992,Elisabeth,Jacson,SX4,Suzuki,2012,2293179753,Female,1G6AB5SXXF0979009,false,motor
993,Russ,Filipowicz,E-Class,Mercedes-Benz,1986,5759167383,Male,JA32X2HU1BU481328,false,motor
994,Giustina,Freear,Viper,Dodge,2005,6195845973,Female,KMHTC6AD7CU060794,true,steering
995,Casey,Rewcassell,Land Cruiser,Toyota,1992,2140218310,Male,1GYUKEEJ8AR252452,true,bodywork
996,Toma,Sonner,W201,Mercedes-Benz,1991,4271998893,Female,WAUHGBFCXCN848144,true,motor
997,Renault,Goudie,IS,Lexus,2009,3024794638,Male,1FMEU3DE9AU454963,false,motor
998,Aili,Arens,A4,Audi,2000,9470766989,Female,3VWML7AJ7DM071155,false,bodywork
999,Alaine,Pettitt,Concorde,Chrysler,1999,7575253378,Female,1GYS4KEF2CR039320,true,steering
1000,Kikelia,Summersby,900,Saab,1992,5223807758,Female,3N1CN7AP1DL122543,true,steering
